pair_id,candidate_source,title_a,title_b,store_a,store_b,price_a,price_b,price_ratio,google_cluster_a,google_cluster_b,context,label,justification,difficulty
P0001,cross_merchant,boAt Airdopes 141 TWS Earphones - Bold Black 1 pc,Boat Airdopes 141 Earbud - Black,bigbasket.com,swackit.com,₹819,₹899,1.1,g0001s,g0001s,Google grouped both under: boAt Airdopes 141 Truly Wireless Earbuds,,,
P0002,cross_merchant,"pTron Bassbuds Air In-Ear TWS Earbuds with 13mm Driver for Immersive Sound, 32Hrs Playtime, Clear Calls, Bluetooth V5.1, Touch Control, TypeC Fast ","pTron Basspods P181 in-Ear TWS Earbuds with 32Hrs Total Playtime, Clear Calls, Bluetooth 5.1 Wireless Headphones, Stereo Audio, Touch Control, Type-C ",pTron,amazon.in,"₹1,199",₹599,2.0,g0018s,g0018s,Google grouped both under: PTron Air In-Ear TWS Earbuds,,,
P0003,cross_merchant,Milton Steel Marble 900 Insulated Inner Stainless Steel Water Bottle | Hot or Cold | 1 Pc - White & Brown,Milton Stainless Steel Insulated Marble Water Bottle - 520 ML 017636BRO520ML,RasoiShop,annachy.com,₹520,₹374,1.39,g0013b,g0013b,Google grouped both under: Milton Steel Marble Water Bottle,,,
P0004,cross_merchant,boAt Airdopes 141 Elite ANC | 42H Earbuds with 35dB ANC Black,boAt Airdopes 141 Elite ANC | Black,boAt,Zepto,"₹1,599","₹1,599",1.0,g0004s,g0004s,Google grouped both under: boAt Airdopes 141 Elite ANC Earbuds,,,
P0005,cross_merchant,"JBL Tune 215BT in-Ear Wireless Bluetooth Headphones with Mic, 16 Hours Playtime, Deep Bass, Quick Charge",JBL TUNE 215BT Wireless Pure Bass Earbuds,vlebazaar.in,IGP.com,"₹1,499","₹2,595",1.73,g0016s,g0016s,Google grouped both under: JBL Tune 215BT,,,
P0006,cross_merchant,Nike Revolution 6 Next Nature 'White Pure Platinum' DC3728-100 US 10½,Revolution 6 Next Nature 4E Unisex Shoes,KICKSCREW,desertcart.in,"₹7,775.42","₹12,278",1.58,g0010b,g0010b,Google grouped both under: Nike Men's Revolution 6 Road Running Shoes,,,
P0007,cross_merchant,Prestige 750 Watts Prism Mixer Grinder with 3 Stainless Steel Jars| LED Power Indicator|Flow Breaker Design|Sturdy Handles| Purple and White,Prestige Prism 750 W Juicer Mixer Grinder,TTK PrestigeLimited,Flipkart,"₹5,620","₹5,620",1.0,g0001b,g0001b,Google grouped both under: Prestige 750 Watts Prism Mixer Grinder,,,
P0008,cross_merchant,"Noise ColorFit Pulse 2 Max Smart Watch with Smart DND & 1.85"" TFT Display Jet Black","Noise Pulse 2 Max 1.85"" Display, Bluetooth Calling Smart Watch, 10 Days Battery, 550 NITS Brightness, Smart DND, 100 Sports Modes, Smartwatch for Men",Noise,Amazon.in,"₹1,499","₹1,499",1.0,g0021s,g0021s,Google grouped both under: Noise ColorFit Pulse 2 Max Smartwatch,,,
P0009,cross_merchant,"Noise Bluetooth Calling Smartwatch-PULSE2 PRO M BK For Tech (Black, OS)",Noise Pulse 2 Pro Smart watch,AJIO.com,fnp.com,"₹1,899","₹5,999",3.16,g0022s,g0022s,Google grouped both under: Noise ColorFit Pulse 2 Pro Smart Watch,,,
P0010,cross_merchant,Milton Duo Deluxe Thermosteel Water Bottle (Milton) - Maroon / 750 ml,"Milton Duo DLX 750 Thermosteel 24 Hours Hot and Cold Water Bottle, 1 Piece, 700 ml, | 100% Leak Proof | Office Bottle | Gym | Home | Kitchen | Hiking ",Milton.in,Satyam Stationers,"₹1,008",₹925,1.09,g0014b,g0014b,Google grouped both under: Milton Thermosteel Duo Bottle,,,
P0011,cross_merchant,boAt Airdopes 141 TWS Earphones - Bold Black 1 pc,"boAt Airdopes 141/8 TWS Earbuds with with mic, 42H Battery, Low Latency, ENx Tech, Fast Charge, IWP, IPX4, v5.1 Bluetooth Earbuds - Active Black",bigbasket.com,Zepto,₹819,₹999,1.22,g0001s,g0001s,Google grouped both under: boAt Airdopes 141 Truly Wireless Earbuds,,,
P0012,cross_merchant,boAt Airdopes 141 Gen 2 – Wireless Earbuds with 48 Hours Playback Teal,boAt Airdopes 141 Gen 2 48Hrs Playback True Wireless In Ear Headphones,boAt,Myntra - MNow,"₹1,099","₹1,099",1.0,g0002s,g0002s,Google grouped both under: boAt Airdopes 141 Gen 2 Wireless Earbuds,,,
P0013,cross_merchant,Thirty First Earbuds For Boat 141 Airdopes Wireless Black Bluetooth,"boAt Airdopes 141/8 TWS Earbuds with with mic, 42H Battery, Low Latency, ENx Tech, Fast Charge, IWP, IPX4, v5.1 Bluetooth Earbuds - Active Black",Flipkart,Zepto,"₹1,505",₹999,1.51,g0001s,g0001s,Google grouped both under: boAt Airdopes 141 Truly Wireless Earbuds,,,
P0014,cross_merchant,"Noise ColorFit Icon 2 1.8 Display, Bluetooth Calling, AI Voice Assistance Smartwatch (Grey Strap, Regular)",Noise ColorFit Pulse 2 Smartwatch - Partner Deal Store Mist Grey,addmecart,Noise,"₹1,249","₹1,339",1.07,g0024s,g0024s,Google grouped both under: Noise ColorFit Pulse 2 Biggest Display Smart Watch,,,
P0015,cross_merchant,Noise Newly Launched Buds VS104 Max Truly Wireless in-Ear Earbuds (Rose Gold),Noise Buds VS104 Max Truly Wireless in-Ear Earbuds (Rose Gold),addmecart,Computech Store,₹649,"₹1,695",2.61,g0007s,g0007s,Google grouped both under: Noise Buds VS104 Max ANC Earbuds,,,
P0016,cross_merchant,Noise Buds VS104 Truly Wireless Bluetooth Earbuds - Midnight Blue,"Noise Buds VS104 Truly Wireless Earbuds with 45H of Playtime, Quad Mic with ENC, Instacharge(10 Min=200 Min), 13Mm Driver, Low Latency, BT V5.2 (",Zepto,Amazon.in,₹899,₹899,1.0,g0006s,g0006s,Google grouped both under: Noise Buds VS104 Truly Wireless Bluetooth Earbuds,,,
P0017,cross_merchant,"pTron Bassbuds Razer TWS Earbuds, 40ms Gaming Low Latency, TruTalk AI-ENC Calls, Deep Bass, 45H Playtime, HD Mic, In-Ear Bluetooth 5.3 Headphones, ",pTron Basspods Torq Gaming TWS Earbuds (Blue),Fliptwirls,pTron,₹699,"₹1,899",2.72,g0019s,g0019s,Google grouped both under: pTron Basspods Torq Gaming TWS Earbuds,,,
P0018,cross_merchant,"boAt Airdopes 141 Pro TWS Earbuds with mic,13mm Drivers, 60HRS Battery, 4Mics ENx, Fast Charge, IPX5, v5.3 Bluetooth Earbuds,Metallic Finish - Martian","boAt [New Launch] Airdopes 141 Pro Buds, 13mm Drivers, Metallic Finish, 60HRS Battery (Maritan Green)",Zepto,Fliptwirls,₹899,"₹1,049",1.17,g0003s,g0003s,Google grouped both under: boAt Airdopes 141 Pro Buds,,,
P0019,cross_merchant,Mamaearth Rice face wash 100 ml (pack of 2),Mamaearth Set Of 2 Rice Face Wash with Niacinamide for Glass Skin-100ml Each,meesho.com,Myntra - MNow,₹392,₹484,1.23,g0015b,g0015b,Google grouped both under: Mamaearth Rice Face Wash,,,
P0020,cross_merchant,Noise Buds VS104 Truly Wireless Earbuds - BOB Exclusive Charcoal Black,Noise Buds VS104 In-Ear TWS With Mic; 45 Hrs Playtime; ENC; BT v5.2 (Charcoal Black),Noise,Instamart,"₹3,499",₹899,3.89,g0005s,g0005s,Google grouped both under: Noise Buds VS104 Truly Wireless Earbuds,,,
P0021,cross_merchant,"realme TechLife Buds T100 Bluetooth Truly Wireless in Ear Earbuds with mic, AI ENC for Calls, Google Fast Pair, 28 Hours Total Playback with Fast ",realme-buds-t100-black,dailydeals365.in,KashWork Ecommerce,₹999,₹599,1.67,g0012s,g0012s,Google grouped both under: Realme TechLife Buds T100 Truly Wireless Earbuds,,,
P0022,cross_merchant,"Noise ColorFit Pulse 2 Max Smart Watch with Smart DND & 1.85"" TFT Display Midnight Blue","Noise Pulse 2 Max 1.85"" Display, Bluetooth Calling Smart Watch, 10 Days Battery, 550 NITS Brightness, Smart DND, 100 Sports Modes, Smartwatch for Men",Noise,Amazon.in,"₹1,499","₹1,499",1.0,g0023s,g0023s,Google grouped both under: Noise ColorFit Pulse 2 Max Smart Watch,,,
P0023,cross_merchant,Prestige 750 Watts Prism Mixer Grinder with 3 Stainless Steel Jars| LED Power Indicator|Flow Breaker Design|Sturdy Handles| Purple and White,Prestige 750 Watts Prism Mixer Grinder with 3 Stainless Steel Jars| LED Power Indicator|Flow Breaker Design|Sturdy Handles| Purple and White,TTK PrestigeLimited,amazon.in,"₹5,620","₹5,620",1.0,g0001b,g0001b,Google grouped both under: Prestige 750 Watts Prism Mixer Grinder,,,
P0024,cross_merchant,"Insulated Water Bottle 700 ml, (24 oz) Stainless Steel Double Walled Vacuum for 24 Hours Hot and Cold, Leakproof, BPA Free, Thermosteel Duo-DLX 750 Ma","Milton Duo DLX 750 Thermosteel 24 Hours Hot and Cold Water Bottle, 1 Piece, 700 ml, | 100% Leak Proof | Office Bottle | Gym | Home | Kitchen | Hiking ",desertcart.in,Satyam Stationers,"₹6,525",₹925,7.05,g0014b,g0014b,Google grouped both under: Milton Thermosteel Duo Bottle,,,
P0025,same_cluster_alt,"pTron Basspods P181 in-Ear TWS Earbuds with 32Hrs Total Playtime, Clear Calls, Bluetooth 5.1 Wireless Headphones, Stereo Audio, Touch Control, Type-C ","pTron Basspods P181 in-Ear TWS Earbuds with 32Hrs Total Playtime, Clear Calls, Bluetooth 5.1 Wireless Headphones, Stereo Audio, Touch Control, Type-C ",amazon.in,amazon.in,₹599,₹599,1.0,g0018s,g0018s,Google grouped both under: PTron Air In-Ear TWS Earbuds,,,
P0026,cross_merchant,boAt Airdopes 141 TWS Earphones - Bold Black 1 pc,Airdopes 141 True Wireless Earbuds in Black,bigbasket.com,Little Wish,₹819,₹199,4.12,g0001s,g0001s,Google grouped both under: boAt Airdopes 141 Truly Wireless Earbuds,,,
P0027,cross_merchant,"Noise Buds VS104 Truly Wireless Earbuds with 45H of Playtime, Quad Mic with ENC, Instacharge(10 Min=200 Min), 13Mm Driver, Low Latency, BT V5.2 (",Noise Buds VS104 In-Ear TWS With Mic; 45 Hrs Playtime; ENC; BT v5.2 (Charcoal Black),Amazon.in,Instamart,₹899,₹899,1.0,g0005s,g0005s,Google grouped both under: Noise Buds VS104 Truly Wireless Earbuds,,,
P0028,cross_merchant,Mamaearth Rice Face Wash With Rice Water & Niacinamide for Glass Skin - 150 ml (Pack of 2),Mamaearth Set Of 2 Rice Face Wash with Niacinamide for Glass Skin-100ml Each,Mamaearth,Myntra - MNow,₹461,₹484,1.05,g0015b,g0015b,Google grouped both under: Mamaearth Rice Face Wash,,,
P0029,cross_merchant,"Noise Buds VS104 Truly Wireless Earbuds with 45H of Playtime, Quad Mic with ENC, Instacharge(10 Min=200 Min), 13Mm Driver, Low Latency, BT V5.2 (",Noise Buds VS104 Truly Wireless Earbuds - BOB Exclusive Charcoal Black,Amazon.in,Noise,₹899,"₹3,499",3.89,g0005s,g0005s,Google grouped both under: Noise Buds VS104 Truly Wireless Earbuds,,,
P0030,cross_merchant,"Original Buds T110 Bluetooth in-Ear Headset with AI Noise Reduction, Compatible with Realme Narzo 30, Realme Narzo 50A (Black Yellow) C34","Realme Buds T110 Rma2306 With Ai Enc For Calls, 38 Hours Of Playback And Deep Bass Bluetooth",amazon.in,Flipkart,₹699,"₹1,499",2.14,g0011s,g0011s,Google grouped both under: Realme Buds T110 with Ai Enc for Calls,,,
P0031,cross_merchant,Prestige Regal 750 W Juicer Mixer Grinder,Prestige Regal Red Stainless Steel 4 Super Efficient Blades 4 Jars Wet and Dry Grinder with Juicer-750W (Onesize) by Myntra,Flipkart,Myntra,"₹4,140","₹4,555",1.1,g0002b,g0002b,Google grouped both under: Prestige Regal 750 Watt Mixer Grinder,,,
P0032,cross_merchant,"Mamaearth Vitamin C Face Wash for Skin Illumination | Turmeric, Aloe Vera for Brighten Skin | Promotes Even Skin Tone - 100ml",Mamaearth Vitamin C For Skin Glow & Illumination With Turmeric Face Wash,Mamaearth,Flipkart,₹237,₹229,1.03,g0016b,g0016b,Google grouped both under: Mamaearth Face Wash,,,
P0033,cross_merchant,"pTron Bassbuds B91+ TWS Earbuds with 38ms Gaming Low Latency, AI-ENC Stereo Calls, 45Hrs Playtime, Dual HD Mic, in-Ear Bluetooth 5.3 Headphones, Fast ",pTron Bassbuds Razer TWS Earbuds - With 40 mins Gaming 45H Playtime AI ENC Calls & Deep Bass Blue,pTron,AliKart,"₹1,869",₹545,3.43,g0020s,g0020s,Google grouped both under: PTron Bassbuds B91 Plus TWS Earbuds,,,
P0034,cross_merchant,Bajaj KTX 1.8 Litre DLX Electric Kettle | 1350 Watts Kettle with Stainless Steel Body | Cordless Operation | Auto Shut-off Mechanism | 2-Yr Warranty 【,Bajaj Ktx 1.8 Litre Dlx Electric Kettle |1500 Watts Kettle With Stainless Steel Electric Kettle,amazon.in,Flipkart,₹773,"₹1,790",2.32,g0005b,g0005b,Google grouped both under: Bajaj KTX 1.8L Electric Kettle,,,
P0035,cross_merchant,"noise Buds VS104 Max TWS Earbuds with Active Noise Cancellation (IPX5 Water Resistant, Instacharge, Jet Black)",Noise Buds VS104 Max Truly Wireless in-Ear Earbuds (Jet Black),Croma,Computech Store,"₹1,449","₹1,695",1.17,g0008s,g0008s,Google grouped both under: Noise Buds VS104 Max Truly Wireless Earbuds,,,
P0036,cross_merchant,"realme TechLife Buds T100 Bluetooth Truly Wireless in Ear Earbuds with mic, AI ENC for Calls, Google Fast Pair, 28 Hours Total Playback with Fast ",Realme T100 Buds White - Global Version at Etoren,dailydeals365.in,Etoren.com,₹999,"₹5,841.14",5.85,g0010s,g0010s,Google grouped both under: Realme T100 Headphones,,,
P0037,cross_merchant,"boAt Airdopes 141/8 TWS Earbuds with with mic, 42H Battery, Low Latency, ENx Tech, Fast Charge, IWP, IPX4, v5.1 Bluetooth Earbuds - Active Black",Boat Airdopes 141 Earbud - Black,Zepto,swackit.com,₹999,₹899,1.11,g0001s,g0001s,Google grouped both under: boAt Airdopes 141 Truly Wireless Earbuds,,,
P0038,cross_merchant,"JBL Tune 215TWS True Wireless Earbud Headphones - JBL Pure Bass Sound, Bluetooth, 25H Battery",JBL Tune 215TWS Wireless Earbuds,Aajjo.com,Digihaat,"₹9,790","₹4,999",1.96,g0017s,g0017s,Google grouped both under: JBL Tune 215 TWS Earbuds,,,
P0039,cross_merchant,Milton Steel Marble Water Bottle (Milton) - Brown / 520 ml / 1 Unit,Milton Steel Marble 900 Insulated Inner Stainless Steel Water Bottle | Hot or Cold | 1 Pc - White & Brown,Milton.in,RasoiShop,₹422,₹520,1.23,g0013b,g0013b,Google grouped both under: Milton Steel Marble Water Bottle,,,
P0040,cross_merchant,Prestige 750 Watts Regal Mixer Grinder with 4 Jars (3 Stainless Steel Jars + 1 Juicer Jar)|,Prestige Regal 750 W Juicer Mixer Grinder,TTK PrestigeLimited,Flipkart,"₹4,555","₹4,140",1.1,g0002b,g0002b,Google grouped both under: Prestige Regal 750 Watt Mixer Grinder,,,
P0041,cross_merchant,Thirty First Earbuds For Boat 141 Airdopes Wireless Black Bluetooth,Airdopes 141 True Wireless Earbuds in Black,Flipkart,Little Wish,"₹1,505",₹199,7.56,g0001s,g0001s,Google grouped both under: boAt Airdopes 141 Truly Wireless Earbuds,,,
P0042,cross_merchant,Men Revolution 6 Running Shoes - UK-11,Nike Nike Revolution 6 Nn Running Shoes For Men,Flatshop,Flipkart,"₹2,956","₹1,939",1.52,g0009b,g0009b,Google grouped both under: Nike Revolution 6 Men's Next Nature,,,
P0043,cross_merchant,"SanDisk Ultra 128GB USB 3.0 Pen Drive, Black","Sandisk Cz48 128 Gb Pen Drive Compatible With Desktop Computer, Laptop Usb 3.0 Plastic Case",amazon.in,Flipkart,"₹2,149","₹1,936",1.11,g0008b,g0008b,Google grouped both under: SanDisk Ultra USB 3.0 Flash Drive,,,
P0044,cross_merchant,"boAt Wave Call Smart Watch for Men & Women, Bluetooth Calling, 1.69"" (4.2 cm) Display w/ 550 NITS, 150+ Watch Faces, Multi-Sport Modes,HR,SpO2, IP68 (","boAt Wave Call Smart Watch w/Bluetooth Calling, 1.69"" (4.2 cm) HD Display w/ 550 NITS & 70% Color Gamut, 150+ Watch Faces, Multi-Sport Modes,HR,SpO2, ",amazon.in,SaumyasStore,"₹1,349","₹1,349",1.0,g0025s,g0025s,Google grouped both under: boAt Wave Call Smartwatch,,,
P0045,cross_merchant,Nike Revolution 6 Next Nature 'White Pure Platinum' DC3728-100 US 10½,Nike Revolution 6 Next Nature 4E Unisex Shoes,KICKSCREW,ubuy.co.in,"₹7,775.42","₹18,186",2.34,g0010b,g0010b,Google grouped both under: Nike Men's Revolution 6 Road Running Shoes,,,
P0046,cross_merchant,"Mamaearth Vitamin C Face Wash for Skin Illumination | Turmeric, Aloe Vera for Brighten Skin | Promotes Even Skin Tone - 100ml",Mamaearth Vitamin C Face Wash with Vitamin C and Turmeric for Skin Illumination - 100 ml | Brightens skin | Evens Tone | Makes skin Glow,Mamaearth,Amazon.in,₹237,₹188,1.26,g0016b,g0016b,Google grouped both under: Mamaearth Face Wash,,,
P0047,cross_merchant,"Noise Buds VS104 Truly Wireless Earbuds with 45H of Playtime, Quad Mic with ENC, Instacharge(10 Min=200 Min), 13Mm Driver, Low Latency, BT V5.2 (",Noise Buds VS104 Truly Wireless Earbuds - Partner Exclusive Midnight Blue,Amazon.in,Noise,₹899,"₹2,199",2.45,g0006s,g0006s,Google grouped both under: Noise Buds VS104 Truly Wireless Bluetooth Earbuds,,,
P0048,cross_merchant,"SANDISK Ultra Flair 128GB, USB 3.0, Flash Drive, Upto 150MB/s R, Pendrive, Metal, 5Y Warranty (SDCZ73-128G-I35)","Alrahmana Sandisk Ultra Flair 128gb Usb 3.1 128 Gb Pen Drive Compatible Laptop, Audio Player, Netbook, Tablet, Mobile, Desktop Computer Usb 3.1 Metal",Amazon.in,Flipkart,"₹1,500","₹1,345",1.12,g0007b,g0007b,Google grouped both under: SanDisk Ultra Flair USB 3.0 Drive,,,
P0049,cross_merchant,"JBL Tune 215 - Bluetooth Wireless in-Ear Headphones with 3-Button Mic/Remote and Flat Cable - Black, Small","JBL Tune 215BT in-Ear Wireless Bluetooth Headphones with Mic, 16 Hours Playtime, Deep Bass, Quick Charge",amazon.in,vlebazaar.in,"₹10,886","₹1,499",7.26,g0016s,g0016s,Google grouped both under: JBL Tune 215BT,,,
P0050,cross_merchant,Noise ColorFit Pulse 2 Pro Smart Watch Jet Black,Noise Pulse 2 Pro Smart watch,Noise,fnp.com,"₹1,699","₹5,999",3.53,g0022s,g0022s,Google grouped both under: Noise ColorFit Pulse 2 Pro Smart Watch,,,
P0051,cross_merchant,Noise Buds VS104 Max Truly Wireless Bluetooth Earbuds - Rose Gold,Noise Buds VS104 Max Truly Wireless in-Ear Earbuds (Rose Gold),Zepto,Computech Store,"₹1,599","₹1,695",1.06,g0007s,g0007s,Google grouped both under: Noise Buds VS104 Max ANC Earbuds,,,
P0052,cross_merchant,"boAt Airdopes 141 Elite ANC, ANC(~35dB), 4Mics ENx Tech, 42H Battery, Fast Charge,Stream Ad Free Music via App Support, IPX5, Bluetooth Earbuds, TWS",boAt Airdopes 141 Elite ANC | Black,Amazon.in,Zepto,"₹1,598","₹1,599",1.0,g0004s,g0004s,Google grouped both under: boAt Airdopes 141 Elite ANC Earbuds,,,
P0053,same_cluster_alt,Nike Nike Revolution 6 Nn Running Shoes For Men,Nike Nike Revolution 6 Nn Running Shoes For Men,Flipkart,Flipkart,"₹2,401","₹1,939",1.24,g0009b,g0009b,Google grouped both under: Nike Revolution 6 Men's Next Nature,,,
P0054,cross_merchant,"Noise Pulse 2 Max 1.85"" Display, Bluetooth Calling Smart Watch, 10 Days Battery, 550 NITS Brightness, Smart DND, 100 Sports Modes, Smartwatch for Men","Noise ColorFit Pulse 2 Max 1.85"" Display Multilingual Menu Smart Watch",Amazon.in,Myntra - MNow,"₹1,499","₹1,499",1.0,g0023s,g0023s,Google grouped both under: Noise ColorFit Pulse 2 Max Smart Watch,,,
P0055,cross_merchant,Realme Buds T110 Fast Charging Earbuds with 38H Playtime & AI ENC for Calls - Black,"Realme Buds T110 Rma2306 With Ai Enc For Calls, 38 Hours Of Playback And Deep Bass Bluetooth",Myntra - MNow,Flipkart,"₹1,499","₹1,499",1.0,g0011s,g0011s,Google grouped both under: Realme Buds T110 with Ai Enc for Calls,,,
P0056,cross_merchant,"boAt Airdopes 141 Pro TWS Earbuds with mic,13mm Drivers, 60HRS Battery, 4Mics ENx, Fast Charge, IPX5, v5.3 Bluetooth Earbuds,Metallic Finish - Martian","boAt [New Launch] Airdopes 141 Pro Buds, 13mm Drivers, Metallic Finish, 60HRS Battery (Maritan Green)",Zepto,addmecart,₹899,"₹1,349",1.5,g0003s,g0003s,Google grouped both under: boAt Airdopes 141 Pro Buds,,,
P0057,cross_merchant,Noise ColorFit Pulse 2 Pro Smart Watch Jet Black,"Noise Bluetooth Calling Smartwatch-PULSE2 PRO M BK For Tech (Black, OS)",Noise,AJIO.com,"₹1,699","₹1,899",1.12,g0022s,g0022s,Google grouped both under: Noise ColorFit Pulse 2 Pro Smart Watch,,,
P0058,cross_merchant,"realme TechLife Buds T100 Wireless Earbuds with ENC Noise Cancellation, 88ms Super-low Latency, Google Fast Pair",realme TechLife Buds T100 Bluetooth Truly Wireless in Ear Earbuds with mic (White),UltraDeals,Fliptwirls,"₹1,019","₹1,709",1.68,g0009s,g0009s,Google grouped both under: Realme T100 True Wireless Earbuds,,,
P0059,same_cluster_alt,Mist Grey,Noise ColorFit Pulse 2 Smartwatch - Partner Deal Store Mist Grey,Noise,Noise,"₹1,199","₹1,339",1.12,g0024s,g0024s,Google grouped both under: Noise ColorFit Pulse 2 Biggest Display Smart Watch,,,
P0060,cross_merchant,Mamaearth Rice Face Wash With Rice Water & Niacinamide for Glass Skin - 150 ml (Pack of 2),Mamaearth Rice Water & Niacinamide For Glass Skin Face Wash,Mamaearth,Flipkart,₹461,₹636,1.38,g0015b,g0015b,Google grouped both under: Mamaearth Rice Face Wash,,,
P0061,cross_merchant,"PHILIPS Air fryer for Home HD9200/90, 4.1 Litre","Philips Hd9200/90 Uses Up To 90% Less Fat 1400w, With Rapid Air Technology Air Fryer",Amazon.in,Flipkart,"₹5,249","₹6,950",1.32,g0004b,g0004b,Google grouped both under: Philips Essential Air Fryer,,,
P0062,cross_merchant,"Noise Pulse 2 Max 1.85"" Display, Bluetooth Calling Smart Watch, 10 Days Battery, 550 NITS Brightness, Smart DND, 100 Sports Modes, Smartwatch for Men","Noise ColorFit Pulse 2 Max 1.85"" Display Multilingual Menu Smart Watch",Amazon.in,Myntra - MNow,"₹1,499","₹1,499",1.0,g0021s,g0021s,Google grouped both under: Noise ColorFit Pulse 2 Max Smartwatch,,,
P0063,cross_merchant,ADIDAS Men Woven Design Runfalcon Shoes (10) by Myntra,adidas Men Runfalcon 3.0 Running Shoe,Myntra,Amazon.in,"₹3,233","₹3,233",1.0,g0012b,g0012b,Google grouped both under: Adidas Men's Runfalcon 3.0 Performance Running Shoes,,,
P0064,cross_merchant,ADIDAS Men RUNFALCON 3.0 Running Shoes (8) by Myntra,adidas Men Runfalcon 3.0 Running Shoe,Myntra,Amazon.in,"₹3,233","₹3,233",1.0,g0011b,g0011b,Google grouped both under: adidas Men Runfalcon 3.0 Running Shoes,,,
P0065,cross_merchant,boAt Wave Call 1.69 Inch HD Display Forest Green...,"boAt Wave Call Smart Watch w/Bluetooth Calling, 1.69"" (4.2 cm) HD Display w/ 550 NITS & 70% Color Gamut, 150+ Watch Faces, Multi-Sport Modes,HR,SpO2, ",Gadgets Now,SaumyasStore,"₹1,549","₹1,349",1.15,g0025s,g0025s,Google grouped both under: boAt Wave Call Smartwatch,,,
P0066,cross_merchant,Bajaj KTX 1.8 Litre DLX Electric Kettle | 1350 Watts Kettle with Stainless Steel Body | Cordless Operation | Auto Shut-off Mechanism | 2-Yr Warranty 【,Bajaj Silver Stainless Steel No Dry Boiling Protection DLX Electric Kettle 1.8L (Onesize) by Myntra,amazon.in,Myntra,₹773,₹849,1.1,g0005b,g0005b,Google grouped both under: Bajaj KTX 1.8L Electric Kettle,,,
P0067,cross_merchant,adidas Men Trainers Runfalcon 3.0 Shoes,ADIDAS Men Woven Design Runfalcon Shoes (10) by Myntra,adidas.co.in,Myntra,"₹3,299.50","₹3,233",1.02,g0012b,g0012b,Google grouped both under: Adidas Men's Runfalcon 3.0 Performance Running Shoes,,,
P0068,cross_merchant,adidas Men Trainers Runfalcon 3.0 Shoes,adidas Men Runfalcon 3.0 Running Shoe,adidas.co.in,Amazon.in,"₹3,299.50","₹3,233",1.02,g0012b,g0012b,Google grouped both under: Adidas Men's Runfalcon 3.0 Performance Running Shoes,,,
P0069,cross_merchant,realme TechLife Buds T100 Bluetooth Truly Wireless in Ear Earbuds with mic (Black),realme-buds-t100-black,Fliptwirls,KashWork Ecommerce,"₹1,449",₹599,2.42,g0012s,g0012s,Google grouped both under: Realme TechLife Buds T100 Truly Wireless Earbuds,,,
P0070,cross_merchant,Mobiwaves By On Plus Bullet Z2 Original Lowest Price Offer Bluetooth,"OnePlus Bullets Z2 Neckband with AI Noise Cancellation (IP55 Water Resistant, Upto 30 Hours Playback, Acoustic Red) 1 Unit",Flipkart,bigbasket.com,₹488,"₹1,479",3.03,g0015s,g0015s,Google grouped both under: OnePlus Bullets Wireless Z2 Acoustic Red,,,
P0071,near_miss,"Noise ColorFit Pulse 2 Max Smart Watch with Smart DND & 1.85"" TFT Display Jet Black","Noise ColorFit Icon 2 1.8 Display, Bluetooth Calling, AI Voice Assistance Smartwatch (Grey Strap, Regular)",Noise,addmecart,"₹1,499","₹1,249",1.2,g0021s,g0024s,Different Google clusters from the same search 'Noise ColorFit Pulse 2': Noise ColorFit Pulse 2 Max Smartwatch  VS  Noise ColorFit Pulse 2 Biggest Display Smart Watch,,,
P0072,near_miss,"SANDISK Ultra Flair 128GB, USB 3.0, Flash Drive, Upto 150MB/s R, Pendrive, Metal, 5Y Warranty (SDCZ73-128G-I35)","Sandisk 128GB Ultra CZ48 USB 3.0 Pen Drive (SDCZ48-128G-U46) , SanDisk",Amazon.in,vplak.com,"₹1,500","₹1,309",1.15,g0007b,g0008b,Different Google clusters from the same search 'SanDisk Ultra 128GB pendrive': SanDisk Ultra Flair USB 3.0 Drive  VS  SanDisk Ultra USB 3.0 Flash Drive,,,
P0073,near_miss,Original Earphone for OnePlus Z2 Neckband Bluetooth Powerful Performance Long Battery (Black) NB=JHDS,Mobiwaves By On Plus Bullet Z2 Original Lowest Price Offer Bluetooth,amazon.in,Flipkart,₹999,₹488,2.05,g0014s,g0015s,Different Google clusters from the same search 'OnePlus Bullets Z2': OnePlus Bullets Wireless Z2 Bluetooth Headset  VS  OnePlus Bullets Wireless Z2 Acoustic Red,,,
P0074,near_miss,"Noise Buds VS104 Truly Wireless Earbuds with 45H of Playtime, Quad Mic with ENC, Instacharge(10 Min=200 Min), 13Mm Driver, Low Latency, BT V5.2 (","Noise Buds VS104 Max Truly Wireless in-Ear Earbuds (10 min180 min) ANC 25dB/45H Playtime, Quad Mic",Amazon.in,DealClear,₹899,"₹1,099",1.22,g0005s,g0008s,Different Google clusters from the same search 'Noise Buds VS104': Noise Buds VS104 Truly Wireless Earbuds  VS  Noise Buds VS104 Max Truly Wireless Earbuds,,,
P0075,near_miss,"realme TechLife Buds T100 Wireless Earbuds with ENC Noise Cancellation, 88ms Super-low Latency, Google Fast Pair",Realme Buds T110 Fast Charging Earbuds with 38H Playtime & AI ENC for Calls - Black,UltraDeals,Myntra - MNow,"₹1,019","₹1,499",1.47,g0009s,g0011s,Different Google clusters from the same search 'realme Buds T100': Realme T100 True Wireless Earbuds  VS  Realme Buds T110 with Ai Enc for Calls,,,
P0076,near_miss,"realme TechLife Buds T100 Wireless Earbuds with ENC Noise Cancellation, 88ms Super-low Latency, Google Fast Pair","realme TechLife Buds T100 Bluetooth Truly Wireless in Ear Earbuds with mic, AI ENC for Calls, Google Fast Pair, 28 Hours Total Playback with Fast ",UltraDeals,dailydeals365.in,"₹1,019",₹999,1.02,g0009s,g0012s,Different Google clusters from the same search 'realme Buds T100': Realme T100 True Wireless Earbuds  VS  Realme TechLife Buds T100 Truly Wireless Earbuds,,,
P0077,near_miss,"realme TechLife Buds T100 Wireless Earbuds with ENC Noise Cancellation, 88ms Super-low Latency, Google Fast Pair","realme TechLife Buds T100 Bluetooth Truly Wireless in Ear Earbuds with mic, AI ENC for Calls, Google Fast Pair, 28 Hours Total Playback with Fast ",UltraDeals,dailydeals365.in,"₹1,019",₹999,1.02,g0009s,g0010s,Different Google clusters from the same search 'realme Buds T100': Realme T100 True Wireless Earbuds  VS  Realme T100 Headphones,,,
P0078,near_miss,Milton Steel Marble Water Bottle (Milton) - Brown / 520 ml / 1 Unit,Milton Duo Deluxe Thermosteel Water Bottle (Milton) - Maroon / 750 ml,Milton.in,Milton.in,₹422,"₹1,008",2.39,g0013b,g0014b,Different Google clusters from the same search 'Milton water bottle': Milton Steel Marble Water Bottle  VS  Milton Thermosteel Duo Bottle,,,
P0079,near_miss,"realme TechLife Buds T100 Bluetooth Truly Wireless in Ear Earbuds with mic, AI ENC for Calls, Google Fast Pair, 28 Hours Total Playback with Fast ",Realme Buds T110 Fast Charging Earbuds with 38H Playtime & AI ENC for Calls - Black,dailydeals365.in,Myntra - MNow,₹999,"₹1,499",1.5,g0010s,g0011s,Different Google clusters from the same search 'realme Buds T100': Realme T100 Headphones  VS  Realme Buds T110 with Ai Enc for Calls,,,
P0080,near_miss,boAt Airdopes 141 Gen 2 – Wireless Earbuds with 48 Hours Playback Teal,boAt Airdopes 141 Elite ANC | 42H Earbuds with 35dB ANC Black,boAt,boAt,"₹1,099","₹1,599",1.45,g0002s,g0004s,Different Google clusters from the same search 'boAt Airdopes 141': boAt Airdopes 141 Gen 2 Wireless Earbuds  VS  boAt Airdopes 141 Elite ANC Earbuds,,,
P0081,near_miss,Oneplus Bullets Wireless Z2 Anc Earphones With 45db Hybrid Anc Bluetooth,Mobiwaves By On Plus Bullet Z2 Original Lowest Price Offer Bluetooth,Flipkart,Flipkart,"₹1,799",₹488,3.69,g0013s,g0015s,Different Google clusters from the same search 'OnePlus Bullets Z2': OnePlus Bullets Wireless Z2 ANC Headset  VS  OnePlus Bullets Wireless Z2 Acoustic Red,,,
P0082,near_miss,Prestige 750 Watts Prism Mixer Grinder with 3 Stainless Steel Jars| LED Power Indicator|Flow Breaker Design|Sturdy Handles| Purple and White,Prestige 750 Watts Regal Mixer Grinder with 4 Jars (3 Stainless Steel Jars + 1 Juicer Jar)|,TTK PrestigeLimited,TTK PrestigeLimited,"₹5,620","₹4,555",1.23,g0001b,g0002b,Different Google clusters from the same search 'Prestige mixer grinder 750W': Prestige 750 Watts Prism Mixer Grinder  VS  Prestige Regal 750 Watt Mixer Grinder,,,
P0083,near_miss,Realme Buds T110 Fast Charging Earbuds with 38H Playtime & AI ENC for Calls - Black,"realme TechLife Buds T100 Bluetooth Truly Wireless in Ear Earbuds with mic, AI ENC for Calls, Google Fast Pair, 28 Hours Total Playback with Fast ",Myntra - MNow,dailydeals365.in,"₹1,499",₹999,1.5,g0011s,g0012s,Different Google clusters from the same search 'realme Buds T100': Realme Buds T110 with Ai Enc for Calls  VS  Realme TechLife Buds T100 Truly Wireless Earbuds,,,
P0084,near_miss,boAt Airdopes 141 TWS Earphones - Bold Black 1 pc,boAt Airdopes 141 Elite ANC | 42H Earbuds with 35dB ANC Black,bigbasket.com,boAt,₹819,"₹1,599",1.95,g0001s,g0004s,Different Google clusters from the same search 'boAt Airdopes 141': boAt Airdopes 141 Truly Wireless Earbuds  VS  boAt Airdopes 141 Elite ANC Earbuds,,,
P0085,near_miss,Bajaj KTX 1.8 Litre DLX Electric Kettle | 1350 Watts Kettle with Stainless Steel Body | Cordless Operation | Auto Shut-off Mechanism | 2-Yr Warranty 【,Bajaj KTX 1.5 Litre DLX Electric Kettle | 1350W Kettle with Stainless Steel Body | Cordless Operation | Auto Shut-off Mechanism (Black),amazon.in,Vijay Sales,₹773,₹717,1.08,g0005b,g0006b,Different Google clusters from the same search 'Bajaj electric kettle': Bajaj KTX 1.8L Electric Kettle  VS  Bajaj KTX DLX Electric Kettle,,,
P0086,near_miss,"Noise ColorFit Pulse 2 Max Smart Watch with Smart DND & 1.85"" TFT Display Jet Black","Noise ColorFit Pulse 2 Max Smart Watch with Smart DND & 1.85"" TFT Display Midnight Blue",Noise,Noise,"₹1,499","₹1,499",1.0,g0021s,g0023s,Different Google clusters from the same search 'Noise ColorFit Pulse 2': Noise ColorFit Pulse 2 Max Smartwatch  VS  Noise ColorFit Pulse 2 Max Smart Watch,,,
P0087,near_miss,Noise Newly Launched Buds VS104 Max Truly Wireless in-Ear Earbuds (Rose Gold),"Noise Buds VS104 Max Truly Wireless in-Ear Earbuds (10 min180 min) ANC 25dB/45H Playtime, Quad Mic",addmecart,DealClear,₹649,"₹1,099",1.69,g0007s,g0008s,Different Google clusters from the same search 'Noise Buds VS104': Noise Buds VS104 Max ANC Earbuds  VS  Noise Buds VS104 Max Truly Wireless Earbuds,,,
P0088,near_miss,"realme TechLife Buds T100 Bluetooth Truly Wireless in Ear Earbuds with mic, AI ENC for Calls, Google Fast Pair, 28 Hours Total Playback with Fast ","realme TechLife Buds T100 Bluetooth Truly Wireless in Ear Earbuds with mic, AI ENC for Calls, Google Fast Pair, 28 Hours Total Playback with Fast ",dailydeals365.in,dailydeals365.in,₹999,₹999,1.0,g0010s,g0012s,Different Google clusters from the same search 'realme Buds T100': Realme T100 Headphones  VS  Realme TechLife Buds T100 Truly Wireless Earbuds,,,
P0089,near_miss,Noise ColorFit Pulse 2 Pro Smart Watch Jet Black,"Noise ColorFit Pulse 2 Max Smart Watch with Smart DND & 1.85"" TFT Display Midnight Blue",Noise,Noise,"₹1,699","₹1,499",1.13,g0022s,g0023s,Different Google clusters from the same search 'Noise ColorFit Pulse 2': Noise ColorFit Pulse 2 Pro Smart Watch  VS  Noise ColorFit Pulse 2 Max Smart Watch,,,
P0090,near_miss,Men Revolution 6 Running Shoes - UK-11,Nike Revolution 6 Next Nature 'White Pure Platinum' DC3728-100 US 10½,Flatshop,KICKSCREW,"₹2,956","₹7,775.42",2.63,g0009b,g0010b,Different Google clusters from the same search 'Nike Revolution 6 men': Nike Revolution 6 Men's Next Nature  VS  Nike Men's Revolution 6 Road Running Shoes,,,
P0091,near_miss,boAt Airdopes 141 TWS Earphones - Bold Black 1 pc,boAt Airdopes 141 Gen 2 – Wireless Earbuds with 48 Hours Playback Teal,bigbasket.com,boAt,₹819,"₹1,099",1.34,g0001s,g0002s,Different Google clusters from the same search 'boAt Airdopes 141': boAt Airdopes 141 Truly Wireless Earbuds  VS  boAt Airdopes 141 Gen 2 Wireless Earbuds,,,
P0092,near_miss,"pTron Bassbuds Turbo TWS In-Ear Earbuds with 40ms Hyper Gaming Low Latency, 3D AudioScape, TruTalk AI-ENC Calls, Thunder Bass, 45Hrs Playtime, Ultra ","pTron Bassbuds B91+ TWS Earbuds with 38ms Gaming Low Latency, AI-ENC Stereo Calls, 45Hrs Playtime, Dual HD Mic, in-Ear Bluetooth 5.3 Headphones, Fast ",pTron,pTron,"₹1,599","₹1,869",1.17,g0019s,g0020s,Different Google clusters from the same search 'pTron Bassbuds': pTron Basspods Torq Gaming TWS Earbuds  VS  PTron Bassbuds B91 Plus TWS Earbuds,,,
P0093,near_miss,"Noise ColorFit Pulse 2 Max Smart Watch with Smart DND & 1.85"" TFT Display Midnight Blue","Noise ColorFit Icon 2 1.8 Display, Bluetooth Calling, AI Voice Assistance Smartwatch (Grey Strap, Regular)",Noise,addmecart,"₹1,499","₹1,249",1.2,g0023s,g0024s,Different Google clusters from the same search 'Noise ColorFit Pulse 2': Noise ColorFit Pulse 2 Max Smart Watch  VS  Noise ColorFit Pulse 2 Biggest Display Smart Watch,,,
P0094,near_miss,"boAt Airdopes 141 Pro TWS Earbuds with mic,13mm Drivers, 60HRS Battery, 4Mics ENx, Fast Charge, IPX5, v5.3 Bluetooth Earbuds,Metallic Finish - Martian",boAt Airdopes 141 Elite ANC | 42H Earbuds with 35dB ANC Black,Zepto,boAt,₹899,"₹1,599",1.78,g0003s,g0004s,Different Google clusters from the same search 'boAt Airdopes 141': boAt Airdopes 141 Pro Buds  VS  boAt Airdopes 141 Elite ANC Earbuds,,,
P0095,near_miss,"Philips Na120/00 With Uses Up To 90% Less Fat, 1500w, With Rapid Air Technology Air Fryer",Buy Philips Analog 4.1 Ltr Airfryer with Rapid Air Technology - HD9200/90,Flipkart,Philips Domestic Appliances,"₹4,816","₹5,599",1.16,g0003b,g0004b,Different Google clusters from the same search 'Philips air fryer': Philips Air Fryer NA120/00  VS  Philips Essential Air Fryer,,,
P0096,near_miss,"pTron Bassbuds Air In-Ear TWS Earbuds with 13mm Driver for Immersive Sound, 32Hrs Playtime, Clear Calls, Bluetooth V5.1, Touch Control, TypeC Fast ","pTron Bassbuds B91+ TWS Earbuds with 38ms Gaming Low Latency, AI-ENC Stereo Calls, 45Hrs Playtime, Dual HD Mic, in-Ear Bluetooth 5.3 Headphones, Fast ",pTron,pTron,"₹1,199","₹1,869",1.56,g0018s,g0020s,Different Google clusters from the same search 'pTron Bassbuds': PTron Air In-Ear TWS Earbuds  VS  PTron Bassbuds B91 Plus TWS Earbuds,,,
P0097,near_miss,boAt Airdopes 141 Gen 2 – Wireless Earbuds with 48 Hours Playback Teal,"boAt Airdopes 141 Pro TWS Earbuds with mic,13mm Drivers, 60HRS Battery, 4Mics ENx, Fast Charge, IPX5, v5.3 Bluetooth Earbuds,Metallic Finish - Martian",boAt,Zepto,"₹1,099",₹899,1.22,g0002s,g0003s,Different Google clusters from the same search 'boAt Airdopes 141': boAt Airdopes 141 Gen 2 Wireless Earbuds  VS  boAt Airdopes 141 Pro Buds,,,
P0098,near_miss,Noise ColorFit Pulse 2 Pro Smart Watch Jet Black,"Noise ColorFit Icon 2 1.8 Display, Bluetooth Calling, AI Voice Assistance Smartwatch (Grey Strap, Regular)",Noise,addmecart,"₹1,699","₹1,249",1.36,g0022s,g0024s,Different Google clusters from the same search 'Noise ColorFit Pulse 2': Noise ColorFit Pulse 2 Pro Smart Watch  VS  Noise ColorFit Pulse 2 Biggest Display Smart Watch,,,
P0099,near_miss,boAt Airdopes 141 TWS Earphones - Bold Black 1 pc,"boAt Airdopes 141 Pro TWS Earbuds with mic,13mm Drivers, 60HRS Battery, 4Mics ENx, Fast Charge, IPX5, v5.3 Bluetooth Earbuds,Metallic Finish - Martian",bigbasket.com,Zepto,₹819,₹899,1.1,g0001s,g0003s,Different Google clusters from the same search 'boAt Airdopes 141': boAt Airdopes 141 Truly Wireless Earbuds  VS  boAt Airdopes 141 Pro Buds,,,
P0100,near_miss,Noise Buds VS104 Truly Wireless Bluetooth Earbuds - Midnight Blue,"Noise Buds VS104 Max Truly Wireless in-Ear Earbuds (10 min180 min) ANC 25dB/45H Playtime, Quad Mic",Zepto,DealClear,₹899,"₹1,099",1.22,g0006s,g0008s,Different Google clusters from the same search 'Noise Buds VS104': Noise Buds VS104 Truly Wireless Bluetooth Earbuds  VS  Noise Buds VS104 Max Truly Wireless Earbuds,,,
P0101,near_miss,"JBL Tune 215 - Bluetooth Wireless in-Ear Headphones with 3-Button Mic/Remote and Flat Cable - Black, Small","JBL Tune 215TWS Bluetooth Headset , JBL",amazon.in,vplak.com,"₹10,886","₹5,299",2.05,g0016s,g0017s,Different Google clusters from the same search 'JBL Tune 215BT': JBL Tune 215BT  VS  JBL Tune 215 TWS Earbuds,,,
P0102,near_miss,"Noise ColorFit Pulse 2 Max Smart Watch with Smart DND & 1.85"" TFT Display Jet Black",Noise ColorFit Pulse 2 Pro Smart Watch Jet Black,Noise,Noise,"₹1,499","₹1,699",1.13,g0021s,g0022s,Different Google clusters from the same search 'Noise ColorFit Pulse 2': Noise ColorFit Pulse 2 Max Smartwatch  VS  Noise ColorFit Pulse 2 Pro Smart Watch,,,
P0103,near_miss,ADIDAS Men RUNFALCON 3.0 Running Shoes (8) by Myntra,adidas Men Trainers Runfalcon 3.0 Shoes,Myntra,adidas.co.in,"₹3,233","₹3,299.50",1.02,g0011b,g0012b,Different Google clusters from the same search 'Adidas Runfalcon 3': adidas Men Runfalcon 3.0 Running Shoes  VS  Adidas Men's Runfalcon 3.0 Performance Running Shoes,,,
P0104,near_miss,"Noise Buds VS104 Truly Wireless Earbuds with 45H of Playtime, Quad Mic with ENC, Instacharge(10 Min=200 Min), 13Mm Driver, Low Latency, BT V5.2 (",Noise Newly Launched Buds VS104 Max Truly Wireless in-Ear Earbuds (Rose Gold),Amazon.in,addmecart,₹899,₹649,1.39,g0005s,g0007s,Different Google clusters from the same search 'Noise Buds VS104': Noise Buds VS104 Truly Wireless Earbuds  VS  Noise Buds VS104 Max ANC Earbuds,,,
P0105,near_miss,Noise Buds VS104 Truly Wireless Bluetooth Earbuds - Midnight Blue,Noise Newly Launched Buds VS104 Max Truly Wireless in-Ear Earbuds (Rose Gold),Zepto,addmecart,₹899,₹649,1.39,g0006s,g0007s,Different Google clusters from the same search 'Noise Buds VS104': Noise Buds VS104 Truly Wireless Bluetooth Earbuds  VS  Noise Buds VS104 Max ANC Earbuds,,,
P0106,near_miss,"Noise Buds VS104 Truly Wireless Earbuds with 45H of Playtime, Quad Mic with ENC, Instacharge(10 Min=200 Min), 13Mm Driver, Low Latency, BT V5.2 (",Noise Buds VS104 Truly Wireless Bluetooth Earbuds - Midnight Blue,Amazon.in,Zepto,₹899,₹899,1.0,g0005s,g0006s,Different Google clusters from the same search 'Noise Buds VS104': Noise Buds VS104 Truly Wireless Earbuds  VS  Noise Buds VS104 Truly Wireless Bluetooth Earbuds,,,
P0107,near_miss,Mamaearth Rice Face Wash With Rice Water & Niacinamide for Glass Skin - 150 ml (Pack of 2),"Mamaearth Vitamin C Face Wash for Skin Illumination | Turmeric, Aloe Vera for Brighten Skin | Promotes Even Skin Tone - 100ml",Mamaearth,Mamaearth,₹461,₹237,1.95,g0015b,g0016b,Different Google clusters from the same search 'Mamaearth face wash': Mamaearth Rice Face Wash  VS  Mamaearth Face Wash,,,
P0108,near_miss,Oneplus Bullets Wireless Z2 Anc Earphones With 45db Hybrid Anc Bluetooth,Original Earphone for OnePlus Z2 Neckband Bluetooth Powerful Performance Long Battery (Black) NB=JHDS,Flipkart,amazon.in,"₹1,799",₹999,1.8,g0013s,g0014s,Different Google clusters from the same search 'OnePlus Bullets Z2': OnePlus Bullets Wireless Z2 ANC Headset  VS  OnePlus Bullets Wireless Z2 Bluetooth Headset,,,
P0109,near_miss,"pTron Bassbuds Air In-Ear TWS Earbuds with 13mm Driver for Immersive Sound, 32Hrs Playtime, Clear Calls, Bluetooth V5.1, Touch Control, TypeC Fast ","pTron Bassbuds Turbo TWS In-Ear Earbuds with 40ms Hyper Gaming Low Latency, 3D AudioScape, TruTalk AI-ENC Calls, Thunder Bass, 45Hrs Playtime, Ultra ",pTron,pTron,"₹1,199","₹1,599",1.33,g0018s,g0019s,Different Google clusters from the same search 'pTron Bassbuds': PTron Air In-Ear TWS Earbuds  VS  pTron Basspods Torq Gaming TWS Earbuds,,,
P0110,amazon_cluster,"OnePlus Nord CE6 Lite | 8GB+128GB | Vivid Mint | Segment&#x27;s Fastest Dimensity 7400 Apex Processor | 7000mAh Battery | Segment&#x27;s Highest 144Hz Refresh Rate | 50MP Main Camera, 4K Video Recording","SHINESTAR Back Cover for OnePlus Nord CE 3 Lite 5G | Frosted Semi-Transparent Slim Case – Black | Only Compatible with Wireless Magnetic Accessories | Hard Back, Matte Finish",Amazon.in,Amazon.in,"₹27,999",₹298,93.96,B0GVYGLNH7,B0FJFPPDQJ,Both returned by Amazon search 'OnePlus Nord CE 3 Lite',,,
P0111,amazon_cluster,"Samsung Galaxy F06 5G, Bahama Blue (4GB, 128GB)","Samsung Galaxy M17 5G Mobile (Sapphire Black, 6GB RAM, 128GB Storage) | 50MP OIS Triple Camera | Gorilla Glass Victus | IP54 | 6 Gen OS Upgrades | AI | Gemini Live | Lag-Free Gaming | Without Charger",Amazon.in,Amazon.in,"₹13,795","₹17,999",1.3,B0DYP4NYYJ,B0G81P4MPG,Both returned by Amazon search 'Samsung Galaxy M14 5G',,,
P0112,amazon_cluster,"realme Buds T110 Bluetooth Truly Wireless in Ear Earbuds with mic, AI ENC for Calls, Google Fast Pair, 38 Hours Total Playback with Fast Charging and Low Latency Gaming Mode (Punk Black)","GOBOULT Y1 Ear Buds Wireless with 50Hr Playtime, Clear Calling ENC Mic, Low Latency Made in India, Gaming, 10mm Bass Drivers Earbuds Buds TWS Bluetooth (Black) (Green)",Amazon.in,Amazon.in,"₹1,499",₹999,1.5,B0DFWL8F5C,B0G51YJ53N,Both returned by Amazon search 'realme Buds T100',,,
P0113,amazon_cluster,"Motorola G57 Power 5G (Corsair, 8GB RAM, 128GB Storage) | Snapdragon 6s Gen 4 Processor | 6.72&quot; FHD+ Display | 50MP LYT-600 + 8MP Ultrawide | 8MP Selfie Camera | 7000mAh Battery, 33W TurboPower | IP64","Motorola G67 Power (Pantone Blue Curacao, 8GB RAM, 128GB Storage)",Amazon.in,Amazon.in,"₹20,158","₹21,400",1.06,B0G3SWTTQ7,B0G1PPG6W3,Both returned by Amazon search 'Motorola G84 5G',,,
P0114,amazon_cluster,HP 15 Laptop | AMD Ryzen 7 5825U |16GB DDR4 RAM | 512GB SSD |15.6&quot; (39.6 cm) FHD Display |AMD Radeon Graphics| Backlit KB | FHD Camera| Win 11| MS Office 2024 + M365*(1-Yr) | Silver |1.59kg |fc0533AU,"HP 15 (2026), AMD Athlon Dual Core 7120U - (8 GB DDR5/512 GB SSD/AMD Radeon 610M Graphics/Windows 11 Pro) Thin and Light Business Laptop/15.6&quot; HD Display/Turbo Silver/Copilot Key/1.5kg/MS Office",Amazon.in,Amazon.in,"₹60,247","₹42,299",1.42,B0GKFNY8CY,B0GTYSL8KK,Both returned by Amazon search 'HP Pavilion 15 laptop',,,
P0115,amazon_cluster,Poco M8 5G Frost Silver 8GB RAM 256GB ROM,Poco C85 5G Power Black 6GB RAM 128GB ROM,Amazon.in,Amazon.in,"₹25,999","₹17,180",1.51,B0GH739SGD,B0GGRDS2XR,Both returned by Amazon search 'POCO X6 Pro 5G',,,
P0116,amazon_cluster,"vivo T5x 5G (Cyber Green, 6GB RAM, 128GB Storage) | 50MP AI Dual Camera | 32MP Selfie | 6.76&quot; FHD+ Display | 7200mAh Battery | Dimensity 7400-Turbo Processor | Fast Charging | Dual SIM Smartphone",YOFO Back Cover for Vivo T2 (5G) (Silicone|Transparent|Camera Protection),Amazon.in,Amazon.in,"₹26,750",₹119,224.79,B0GTTXP6WF,B0C7N1F6F2,Both returned by Amazon search 'vivo T2 5G',,,
P0117,amazon_cluster,"HP Pavilion Plus, Intel Core i5-1335U-13th Gen Laptop, (16GB LPDDR5x,512GB SSD),IPS, 300 nits, 14&#x27;&#x27;(35.6cm) 2K,Win 11, M365 Basic(1yr), Office Home 24, Silver,1.38kg, 5MP Camera w/Shutter, ew0107TU","HP 15 Laptop | Intel Core i5-13420H,13th Gen |16GB RAM | 512GB SSD | Win 11 |M365 Basic(1yr)* Office24|Anti-Glare, Micro-Edge, 15.6&#x27;&#x27;/39.6cm|Backlit KB|FHD Camera w/Shutter|1.65kg, Silver -FR0045TU",Amazon.in,Amazon.in,"₹63,990","₹68,888",1.08,B07FLHBMXY,B0GD81XSSP,Both returned by Amazon search 'HP Pavilion 15 laptop',,,
P0118,amazon_cluster,"realme Buds T110 Bluetooth Truly Wireless in Ear Earbuds with mic, AI ENC for Calls, Google Fast Pair, 38 Hours Total Playback with Fast Charging and Low Latency Gaming Mode (Jazz Blue)","Earbuds T110 for Realme Buds T100 Earbuds Original Like True Wireless Bluetooth in-Ear Headphones Earphones TWS with Mic, Touch Controls, Deep Bass, Sports (Buds 2,shd6)",Amazon.in,Amazon.in,"₹1,499",₹699,2.14,B0DFWKK9Z6,B0H61KGLPM,Both returned by Amazon search 'realme Buds T100',,,
P0119,amazon_cluster,"Motorola Moto G85 5G (128, Cobalt Blue, New)","Motorola Edge 50 Fusion 5G (Marshmallow Blue, 12GB RAM, 256GB Storage)",Amazon.in,Amazon.in,"₹17,840","₹26,790",1.5,B0D9LS6MVV,B0D4JLSGBB,Both returned by Amazon search 'Motorola G84 5G',,,
P0120,amazon_cluster,"Sony WH-CH520 Wireless Bluetooth Headphones On Ear with Mic, Up to 50Hrs Battery, Quick Charge, DSEE Upscale, Multipoint Connectivity, Voice Assistant, Customized EQ-Black","JBL Tune 770NC Wireless Over Ear Headphones with Adaptive Noise Cancellation, Upto 70H Battery, Smart Ambient, Speed Charge, Customized EQ, Google Fast Pair, Multipoint Connect, BT 5.3 - Black",Amazon.in,Amazon.in,"₹3,790","₹5,799",1.53,B0BS1PRC4L,B09CYX92NB,Both returned by Amazon search 'Sony WH-CH520',,,
P0121,amazon_cluster,"HP Laptop 15 Intel Core i3 13th Gen (8GB|512 GB SSD)/Window 11 Home 15-FD0533TU Laptop (15.6 inch,Natural Silver,1.59 kg, with MS Office","HP 15 (i5 14th Gen), Intel Core 5, 16GB RAM (Upgradeable), 512GB SSD, FHD, Anti-Glare, 15.6&#x27;&#x27;/39.6cm, Win11, M365 Basic(1yr), Office24, Silver,1.59kg, fd0682tu, FHD Camera w/Shutter, Backlit Laptop",Amazon.in,Amazon.in,"₹47,490","₹67,990",1.43,B0GR9Q34RL,B0FFTLRYRV,Both returned by Amazon search 'HP Pavilion 15 laptop',,,
P0122,amazon_cluster,"ZEBRONICS Zeb-Sound Bomb 1 TWS Earbuds with BT5.0, Up to 12H Playback, Touch Controls, Voice Assista","ZEBRONICS Sound Bomb G1 Gaming Bluetooth True Wireless Stereo in Ear Earbuds, 50Ms Low Latency, AAC Support, Flash Connect, Deep Bass, Splash Proof, Voice Assistant, Bt V5.0 with Mic (Red)",Amazon.in,Amazon.in,"₹1,298",,,B0BZ15YLWV,B09NNVHPHY,Both returned by Amazon search 'Zebronics Sound Bomb',,,
P0123,amazon_cluster,"ZEBRONICS Zeb-Sound Bomb 1 TWS Earbuds with BT5.0, Up to 12H Playback, Touch Controls, Voice Assistant, Splash Proof with Type C Portable Charging Case (Black)","ZEBRONICS Sound Bomb G1 Gaming Bluetooth True Wireless Stereo in Ear Earbuds, 50Ms Low Latency, AAC Support, Flash Connect, Deep Bass, Splash Proof, Voice Assistant, Bt V5.0 with Mic (Red)",Amazon.in,Amazon.in,₹649,,,B098XT65BC,B09NNVHPHY,Both returned by Amazon search 'Zebronics Sound Bomb',,,
P0124,amazon_cluster,"Sony WI-C100 Wireless Headphones with Customizable Equalizer for Deep Bass &amp; 25 Hrs Battery, DSEE-Upscale, Splash Proof, 360RA, Fast Pair, in Ear Bluetooth Headset with Mic for Phone Calls (Black) | Up to 25 hours battery life, Sbc and Aac, Dsee, IPX4 splash-proof, USB-C charging, built-in microphone, 20G","OnePlus Bullets Wireless Z3 in-Ear Neckband with 12.4mm Drivers, 3D Spatial Audio,10 mins Charge for 27 hrs Playback, 4 EQ preset, Dynamic bass Enhancement &amp; BT5.4",Amazon.in,Amazon.in,"₹1,599","₹1,999",1.25,B09YLFHFDW,B0FBRHCR6C,Both returned by Amazon search 'JBL Tune 215BT',,,
P0125,amazon_cluster,"vivo Y11 5G (Cosmic Gold, 4GB RAM, 64GB Storage) with No Cost EMI/Additional Exchange Offers",VIDO Exclusive Soft Back Case Cover for Vivo Y100 5G / Vivo T2 5G (Shock Proof |360 Degree Complete Protection),Amazon.in,Amazon.in,"₹16,999",₹189,89.94,B0H2Z7HR9C,B0BWN61SXW,Both returned by Amazon search 'vivo T2 5G',,,
P0126,amazon_cluster,"Apple iPhone 16e 128 GB: Built for Apple Intelligence, A18 Chip, Supersized Battery Life, 48MP Fusion. Camera, 15.40 cm (6.1″) Super Retina XDR Display; Black","vivo V70 5G (Passion Red, 8GB RAM, 256GB Storage) with No Cost EMI/Additional Exchange Offers",Amazon.in,Amazon.in,"₹59,900","₹53,999",1.11,B0DXQH1DBS,B0GHQVR1N8,Both returned by Amazon search 'iPhone 15 128GB',,,
P0127,amazon_cluster,"Noise Buds VS102 Plus Wireless Earbuds, Bluetooth Earbuds with 70H Playtime, Quad Mic ENC for Clear Calls, 11mm Drivers, Deep Bass, Instacharge, Bluetooth v5.3 (Matte Black)","Noise Pop Buds Truly Wireless Earbuds with 50H of Playtime, Quad Mic with ENC, Instacharge(10 Min=150 Min) Bluetooth V5.3(Lilac Pop) True Wireless",Amazon.in,Amazon.in,"₹1,299","₹1,099",1.18,B0DS2Y94LS,B0CYPZGB8W,Both returned by Amazon search 'Noise Buds VS104',,,
P0128,amazon_cluster,"boAt Rockerz 245 v2 Pro, 30HRS Battery, ENx Tech, Fast Charge, Low Latency, Dual Pairing, Magnetic Buds, USB Type-C Interface &amp; IPX5, Bluetooth Neckband, Wireless with Mic Earphones (Cool Blue)",boAt Rockerz 261 Pro in-Ear Neckband(Lazer Lime),Amazon.in,Amazon.in,"₹1,099",₹935,1.18,B0CC8WQY19,B0D7MGVHSP,Both returned by Amazon search 'boAt Rockerz 255 Pro',,,
P0129,amazon_cluster,"ZEBRONICS PODS K2 in Ear Wireless Earbuds, Upto 40 Hrs Backup, Dual EQ, Quad MIC ENC, 10mm Bass Drivers, Fast Charging, Bluetooth, Flash Connect,40ms Low Latency Gaming, LED Battery Indicator (Black) | Upto 40 Hrs Backup, Dual EQ, Quad MIC ENC, 10mm Bass Drivers, Fast Charging","ZEBRONICS Music Bomb X50 Bluetooth Speaker, 20W RMS, Up to 7h Playback, 4000mAh, Dual Wireless Mics + Holder, Karaoke &amp; Voice Changer, 17 Animations LED Pixel Display, BT v5.3, TWS, Type-C (Black)",Amazon.in,Amazon.in,₹799,"₹2,999",3.75,B0DPQYHJ41,B0H5CB188W,Both returned by Amazon search 'Zebronics Sound Bomb',,,
P0130,amazon_cluster,"POCO C85X 5G Smartphone, Emerald Green, 4GB RAM, 64GB Storage","POCO X8 Pro Max 5G (Blue, 12GB RAM), (256GB Storage)",Amazon.in,Amazon.in,"₹13,648","₹49,990",3.66,B0GVZ3MP99,B0H36ZNL4N,Both returned by Amazon search 'POCO X6 Pro 5G',,,
P0131,amazon_cluster,"boAt Rockerz 301 ANC, (~30dB) ANC, 13mm Drivers,ENx, 40ms Low Latency, Hall Switch, Stream Ad Free Music via App Support, Bluetooth Neckband, Wireless with Mic Earphones (Green)","boAt Rockerz 245 v2 Pro, 30HRS Battery, ENx Tech, Fast Charge, Low Latency, Dual Pairing, Magnetic Buds, USB Type-C Interface &amp; IPX5, Bluetooth Neckband, Wireless with Mic Earphones (Cool Blue)",Amazon.in,Amazon.in,"₹1,598","₹1,099",1.45,B0FM2Y25HP,B0CC8WQY19,Both returned by Amazon search 'boAt Rockerz 255 Pro',,,
P0132,amazon_cluster,Poco M8 5G Frost Silver 8GB RAM 256GB ROM,OnePlus N6 | 4GB+128GB | Midnight Green | Segment&#x27;s Biggest 8000mAh Battery | Segment&#x27;s Fastest 45W Charging | Smooth 120Hz Display | 50MP Camera | Military-Grade Durability,Amazon.in,Amazon.in,"₹25,999","₹22,999",1.13,B0GH739SGD,B0H3LB843J,Both returned by Amazon search 'POCO X6 Pro 5G',,,
P0133,amazon_cluster,"realme Buds T110 Bluetooth Truly Wireless in Ear Earbuds with mic, AI ENC for Calls, Google Fast Pair, 38 Hours Total Playback with Fast Charging and Low Latency Gaming Mode (Jazz Blue)","GOBOULT Y1 Ear Buds Wireless with 50Hr Playtime, Clear Calling ENC Mic, Low Latency Made in India, Gaming, 10mm Bass Drivers Earbuds Buds TWS Bluetooth (Black) (Green)",Amazon.in,Amazon.in,"₹1,499",₹999,1.5,B0DFWKK9Z6,B0G51YJ53N,Both returned by Amazon search 'realme Buds T100',,,
P0134,amazon_cluster,"Lenovo IdeaPad Slim 3 13th Gen Intel Core i3-1315U 15.6 Inch (39.6cm) FHD Thin &amp; Light Laptop (8GB/512GB SSD/Windows 11/Office Home 2024/Grey/1.62Kg), 82X700HJIN/HHIN","Lenovo IdeaPad Slim 3, Intel Core i3 13th Gen 1315U, 8GB RAM, 512GB SSD, FHD 15.6&quot;(39.6cm), Windows 11, Office 2024, Grey, 1.6Kg, 82X700G5IN, 1Yr ADP Free, 3 Month Game Pass Laptop",Amazon.in,Amazon.in,"₹52,990","₹52,600",1.01,B0G2SSS2V8,B0F8QFMXJ7,Both returned by Amazon search 'Lenovo IdeaPad Slim 3',,,
P0135,amazon_cluster,"for OnePlus Bullets Wireless Z2 in-Ear Neckband with 12.4mm Drivers, 3D Spatial Audio,10 mins Charge for 27 hrs Playback, AI Call Noise Cancellation, 4 EQ preset (Full Black)",Compatible with OnePlus Bullets Wireless Z2 Bluetooth Headset (Red),Amazon.in,Amazon.in,"₹1,799",₹999,1.8,B0H14XC8VD,B0H757YK6F,Both returned by Amazon search 'OnePlus Bullets Z2',,,
P0136,amazon_cluster,"Samsung Galaxy M06 5G Mobile (Sage Green, 4GB RAM, 64GB Storage) | MediaTek Dimensity 6300 | AnTuTu 623K+ | 12 5G Bands | 25W Fast Charging | 4 Gen OS Upgrades | 50MP Camera | Without Charger","Samsung Galaxy F70e 5G (Spotlight Blue, 128 GB) (4 GB RAM) | 6000 mAh Battery | 6.74&quot; PLS LCD Display | Dimensity 6300 | Octa Core Processor |",Amazon.in,Amazon.in,"₹12,499","₹14,141",1.13,B0G81V3VY4,B0GNZSK9HJ,Both returned by Amazon search 'Samsung Galaxy M14 5G',,,
P0137,amazon_cluster,"boAt Rockerz 301 ANC, (~30dB) ANC, 13mm Drivers,ENx, 40ms Low Latency, Hall Switch, Stream Ad Free Music via App Support, Bluetooth Neckband, Wireless with Mic Earphones (Green)",boAt Rockerz 261 Pro in-Ear Neckband(Lazer Lime),Amazon.in,Amazon.in,"₹1,598",₹935,1.71,B0FM2Y25HP,B0D7MGVHSP,Both returned by Amazon search 'boAt Rockerz 255 Pro',,,
P0138,amazon_cluster,"HP Pavilion Plus, Intel Core i5-1335U-13th Gen Laptop, (16GB LPDDR5x,512GB SSD),IPS, 300 nits, 14&#x27;&#x27;(35.6cm) 2K,Win 11, M365 Basic(1yr), Office Home 24, Silver,1.38kg, 5MP Camera w/Shutter, ew0107TU",HP 15 Laptop | AMD Ryzen 7 5825U |16GB DDR4 RAM | 512GB SSD |15.6&quot; (39.6 cm) FHD Display |AMD Radeon Graphics| Backlit KB | FHD Camera| Win 11| MS Office 2024 + M365*(1-Yr) | Silver |1.59kg |fc0533AU,Amazon.in,Amazon.in,"₹63,990","₹60,247",1.06,B07FLHBMXY,B0GKFNY8CY,Both returned by Amazon search 'HP Pavilion 15 laptop',,,
P0139,amazon_cluster,"Apple iPhone 16e 128 GB: Built for Apple Intelligence, A18 Chip, Supersized Battery Life, 48MP Fusion. Camera, 15.40 cm (6.1″) Super Retina XDR Display; Black",OnePlus 15 | 12GB+256GB | Sand Storm | India&#x27;s First Snapdragon® 8 Elite Gen 5 | 7300mAh Battery | Personalised AI | Game-Changing 165Hz Display | Triple 50MP Camera with 4K 120fps Dolby Vision,Amazon.in,Amazon.in,"₹59,900","₹85,999",1.44,B0DXQH1DBS,B0FTRN7L8Q,Both returned by Amazon search 'iPhone 15 128GB',,,
P0140,amazon_cluster,"vivo Y11 5G (Cosmic Gold, 4GB RAM, 64GB Storage) with No Cost EMI/Additional Exchange Offers",YOFO Back Cover for Vivo T2 (5G) (Silicone|Transparent|Camera Protection),Amazon.in,Amazon.in,"₹16,999",₹119,142.85,B0H2Z7HR9C,B0C7N1F6F2,Both returned by Amazon search 'vivo T2 5G',,,
P0141,amazon_cluster,"REDMI A7 Pro 5G (Mist Blue, 4GB RAM,128GB Storage) | Segment&#x27;s Fastest Processor | Segment&#x27;s Largest Battery | Segment&#x27;s Largest &amp; Smoothest 6.9in 120Hz Display","Test Redmi Note 13 5G (Stealth Black, 6GB RAM, 128GB Storage) Without Offer",Amazon.in,Amazon.in,"₹14,999","₹25,900",1.73,B0GS5Y6BD3,B0DG6PXZWF,Both returned by Amazon search 'Redmi Note 13 5G',,,
P0142,amazon_cluster,"pTron Bassbuds Trendz Open Ear Wireless Earbuds, SafeBeats Design, Dual HD Mics &amp; TruTalk AI-ENC Calls, 45Hrs Playtime, App Support, 14.2mm Drivers, BT6.0 Headphones, Type C Charging &amp; IPX5 (Black)","pTron Bassbuds Surge TWS Gaming Earbuds, 40ms Low-Latency, 50Hrs Playtime, Custom EQ, App Support, Dual Mic &amp; TruTalk AI-ENC Clear Calls, Pristine Sound, Bluetooth V6.0, IPX5 Water Resistant (Black)",Amazon.in,Amazon.in,₹799,₹899,1.13,B0FPRBCBTV,B0FMDR9FW6,Both returned by Amazon search 'pTron Bassbuds',,,
P0143,amazon_cluster,"boAt Airdopes 148 Gen 2, 48H Battery, 4Mics ENx Tech, Beast Mode, ASAP Charge, Bluetooth Earbuds, TWS Ear Buds Wireless Earphones with mic (Active Black)","boAt Airdopes 148 Gen 2, 48H Battery, 4Mics ENx Tech, Beast Mode, ASAP Charge, Bluetooth Earbuds, TWS Ear Buds Wireless Earphones with mic (Active White)",Amazon.in,Amazon.in,₹879,₹999,1.14,B0FL2T3QXL,B0GLS4FHTK,Both returned by Amazon search 'boAt Airdopes 141',,,
P0144,amazon_cluster,Poco C85 5G Power Black 6GB RAM 128GB ROM,"POCO M7 Plus 5G, Carbon Black (8GB, 128GB)",Amazon.in,Amazon.in,"₹17,180",,,B0GGRDS2XR,B0FN8L66VZ,Both returned by Amazon search 'POCO X6 Pro 5G',,,
P0145,amazon_cluster,"SHINESTAR Back Cover for OnePlus Nord CE 3 Lite 5G | Frosted Semi-Transparent Slim Case – Black | Only Compatible with Wireless Magnetic Accessories | Hard Back, Matte Finish","TheGiftKart Crystal Clear Back Cover Case for OnePlus Nord CE 3 Lite 5G | Raised Bumps for Camera &amp; Screen Protection | Ultra Clear Soft Silicone Back Case for OnePlus Nord CE3 Lite (TPU, Transparent)",Amazon.in,Amazon.in,₹298,₹199,1.5,B0FJFPPDQJ,B0C1S7LTW7,Both returned by Amazon search 'OnePlus Nord CE 3 Lite',,,
P0146,amazon_cluster,"pTron Bassbuds Eon in-Ear TWS Earbuds w/ 13mm Drivers, 45Hrs Playtime, Dual HD Mic &amp; TruTalk AI-ENC Calls, Custom EQ,Mobile App, Bluetooth v6.0 Headphones,Voice Assist., Type C Charging &amp; IPX5 (Black)","pTron Bassbuds Astra in-Ear TWS Earbuds w/Stereo Sound, 34Hrs Playtime, Stereo Calls, Custom EQ, Mobile App, BTv5.3 Headphones, Touch Control, Voice Assistant, Type C Charging &amp; IPX4 (White)",Amazon.in,Amazon.in,₹598,₹699,1.17,B0FWCNXM96,B0GW3DTC39,Both returned by Amazon search 'pTron Bassbuds',,,
P0147,amazon_cluster,VIDO Exclusive Soft Back Case Cover for Vivo Y100 5G / Vivo T2 5G (Shock Proof |360 Degree Complete Protection),YOFO Back Cover for Vivo T2 (5G) (Silicone|Transparent|Camera Protection),Amazon.in,Amazon.in,₹189,₹119,1.59,B0BWN61SXW,B0C7N1F6F2,Both returned by Amazon search 'vivo T2 5G',,,
P0148,amazon_cluster,"realme Buds T110 Bluetooth Truly Wireless in Ear Earbuds with mic, AI ENC for Calls, Google Fast Pair, 38 Hours Total Playback with Fast Charging and Low Latency Gaming Mode (Punk Black)","Earbuds for Realme Buds T100 Earbuds Original Like True Wireless Bluetooth in-Ear Headphones Earphones TWS with Mic, Touch Controls, Deep Bass, Sports (48 Hours Case, SHD2)",Amazon.in,Amazon.in,"₹1,499",₹699,2.14,B0DFWL8F5C,B0H3K8MZ9M,Both returned by Amazon search 'realme Buds T100',,,
P0149,amazon_cluster,"boAt Airdopes 141 Pro Buds, 13mm Drivers, Metallic Finish, 60HRS Battery, 4Mics ENx, Fast Charge, IPX5, v5.3 Bluetooth Earbuds, TWS Ear Buds Wireless Earphones with mic (Obsidian Black)","boAt Airdopes 163 in Ear Earbuds with 40 HRS Battery, Fast Charge, 13mm Drivers, IPX5, Quick Touch Response Control (Active Black) | 40 HRS Battery, Fast Charge, 13mm Drivers, IPX5, Quick Touch Response Control",Amazon.in,Amazon.in,"₹1,624",₹949,1.71,B0DGTT1NGW,B0CNRFYLV8,Both returned by Amazon search 'boAt Airdopes 141',,,
P0150,amazon_cluster,"boAt Airdopes 148 Gen 2, 48H Battery, 4Mics ENx Tech, Beast Mode, ASAP Charge, Bluetooth Earbuds, TWS Ear Buds Wireless Earphones with mic (Active Black)","boAt Airdopes 163 in Ear Earbuds with 40 HRS Battery, Fast Charge, 13mm Drivers, IPX5, Quick Touch Response Control (Active Black) | 40 HRS Battery, Fast Charge, 13mm Drivers, IPX5, Quick Touch Response Control",Amazon.in,Amazon.in,₹879,₹949,1.08,B0FL2T3QXL,B0CNRFYLV8,Both returned by Amazon search 'boAt Airdopes 141',,,
P0151,amazon_cluster,"Apple iPhone 16e 128 GB: Built for Apple Intelligence, A18 Chip, Supersized Battery Life, 48MP Fusion. Camera, 15.40 cm (6.1″) Super Retina XDR Display; Black",OnePlus 13s | Snapdragon® 8 Elite | Smarter with OnePlus AI | Lifetime Display Warranty | 12GB+256GB | Green Silk,Amazon.in,Amazon.in,"₹59,900","₹54,999",1.09,B0DXQH1DBS,B0F5WTG8RG,Both returned by Amazon search 'iPhone 15 128GB',,,
P0152,amazon_cluster,vivo T4 Lite 5G Titanium Gold_128GB+4GB,"vivo T5x 5G (Cyber Green, 6GB RAM, 128GB Storage) | 50MP AI Dual Camera | 32MP Selfie | 6.76&quot; FHD+ Display | 7200mAh Battery | Dimensity 7400-Turbo Processor | Fast Charging | Dual SIM Smartphone",Amazon.in,Amazon.in,"₹18,499","₹26,750",1.45,B0FFF9VPMN,B0GTTXP6WF,Both returned by Amazon search 'vivo T2 5G',,,
P0153,amazon_cluster,"Redmi Note 13 5G (Prism Gold, 6GB RAM, 128GB Storage) | 5G Ready | 120Hz Bezel-Less AMOLED | 7.mm Slimmest Note Ever | 108MP Pro-Grade Camera",REDMI 15C 5G Midnight Black 6GB + 128GB | Royale Design | Massive 6000mAh Battery | Segment&#x27;s Largest 17.53cm Display Up to 120Hz | MediaTek Dimensity 6300 | 33W Fast Charging | 50MP AI Dual Camera,Amazon.in,Amazon.in,"₹22,999","₹20,499",1.12,B0CQP38JRG,B0G2BBWKCP,Both returned by Amazon search 'Redmi Note 13 5G',,,
P0154,amazon_cluster,"Lenovo IdeaPad Slim 3 13th Gen Intel Core i3-1315U 15.6 Inch (39.6cm) FHD Thin &amp; Light Laptop (8GB/512GB SSD/Windows 11/Office Home 2024/Grey/1.62Kg), 82X700HJIN/HHIN","Lenovo IdeaPad Slim 3 13th Gen Core i5-13420H 15.3 inch (38.8cm) WUXGA IPS Laptop (16GB RAM/512GB SSD/Windows 11/Office Home 2024/Top Metal Cover/Backlit Keyboard/1Yr ADP/Grey/1.6Kg), 83K100S3IN",Amazon.in,Amazon.in,"₹52,990","₹70,700",1.33,B0G2SSS2V8,B0GDQFZBQC,Both returned by Amazon search 'Lenovo IdeaPad Slim 3',,,
P0155,amazon_cluster,"Motorola Moto g37 5G (Pantone Nautical Blue, 64GB Storage, 4GB RAM) | 6.67-inch HD+ 120Hz Display | Dimensity 6400 | 50MP Camera | 5200mAh Battery | 20W Charging","Motorola Edge 70 Fusion (Pantone Silhouette, 8GB RAM, 128GB Storage) | 6.78&quot; 1.5K 144Hz AMOLED Display | Snapdragon 7s Gen 4 | 50MP Sony LYTIA 710 OIS Camera | 7000mAh Battery | 68W TurboPower |",Amazon.in,Amazon.in,"₹14,929","₹26,800",1.8,B0H2WVGDM4,B0GRMVNTDN,Both returned by Amazon search 'Motorola G84 5G',,,
P0156,amazon_cluster,"JBL Tune 520BT Wireless On Ear Headphones with Mic, Upto 57H Battery, Speed Charge : 5 Min Charge Gives Up to 3H of Playback, Multipoint Connect, Customizable Bass with Headphones App, BT 5.3 (Black)","Sony WF-C510 Wireless Bluetooth Earbuds with Mic, TWS, in Ear, Ambient Sound Mode, Small and Comfortable, IPX4, Quick Charge, Multipoint Connectivity, Customized EQ, Up to 22 Hours Battery- Black",Amazon.in,Amazon.in,"₹2,999","₹3,999",1.33,B0C3V5X3QT,B0D9R4GYTN,Both returned by Amazon search 'Sony WH-CH520',,,
P0157,amazon_cluster,"boAt Airdopes 148, Low Latency, ENx Tech, 42HRS Battery, Fast Charge, IWP, IPX4, Bluetooth Earbuds, TWS Ear Buds Wireless Earphones with mic -(Cider Cyan)","boAt Airdopes 131 with 60 Hrs Playback, ASAP Charge Truly Wireless Bluetooth in Ear Earbuds with Mic (Active Black)",Amazon.in,Amazon.in,₹999,₹979,1.02,B0CP3JV7VP,B088FKCD4J,Both returned by Amazon search 'boAt Airdopes 141',,,
P0158,amazon_cluster,"HP 15, AMD Ryzen 5 7520U,(16GB LPDDR5, 512GB SSD), Anti-Glare, Micro-Edge, FHD, 15.6&#x27;&#x27;/39.6cm, Win 11, Office 24,M365 Basic(1yr)*,Silver, 1.59kg, fc0690au, FHD Camera, Backlit KB Laptop","HP Pavilion 15 12Th Gen Intel Core I5 8Gb Sdram/512Gb Ssd 15.6 Inches Fhd,IPS,Micro-Edge Display/Intel Iris Xe Graphics/B&amp;O/Windows 11 Home/Ms Office 2021/Fast Charge/1.75Kg, 15-Eg2009Tu, Silver",Amazon.in,Amazon.in,"₹56,830","₹75,794",1.33,B0CY2PLQ8N,B09WDHWMQY,Both returned by Amazon search 'HP Pavilion 15 laptop',,,
P0159,amazon_cluster,"Portronics Harmonics Z5 Wireless Bluetooth Stereo Headset with 33Hrs Playtime, Double EQ Mode, 14.2 mm Dynamic Drivers, Click Action Buttons(Blue)","Sony WI-C100 Wireless Headphones with Customizable Equalizer for Deep Bass &amp; 25 Hrs Battery, DSEE-Upscale, Splash Proof, 360RA, Fast Pair, in Ear Bluetooth Headset with Mic for Phone Calls (Black) | Up to 25 hours battery life, Sbc and Aac, Dsee, IPX4 splash-proof, USB-C charging, built-in microphone, 20G",Amazon.in,Amazon.in,₹778,"₹1,599",2.06,B0BJF85YRR,B09YLFHFDW,Both returned by Amazon search 'JBL Tune 215BT',,,
P0160,amazon_cluster,LIRAMARK Silicone Soft Back Cover Case for OnePlus Nord CE 3 Lite 5G (Black),"TheGiftKart Crystal Clear Back Cover Case for OnePlus Nord CE 3 Lite 5G | Raised Bumps for Camera &amp; Screen Protection | Ultra Clear Soft Silicone Back Case for OnePlus Nord CE3 Lite (TPU, Transparent)",Amazon.in,Amazon.in,₹159,₹199,1.25,B0C3V66PQ3,B0C1S7LTW7,Both returned by Amazon search 'OnePlus Nord CE 3 Lite',,,
P0161,amazon_cluster,vivo T4 Lite 5G Titanium Gold_128GB+4GB,VIDO Exclusive Soft Back Case Cover for Vivo Y100 5G / Vivo T2 5G (Shock Proof |360 Degree Complete Protection),Amazon.in,Amazon.in,"₹18,499",₹189,97.88,B0FFF9VPMN,B0BWN61SXW,Both returned by Amazon search 'vivo T2 5G',,,
P0162,amazon_cluster,"OnePlus Nord CE6 Lite | 8GB+128GB | Vivid Mint | Segment&#x27;s Fastest Dimensity 7400 Apex Processor | 7000mAh Battery | Segment&#x27;s Highest 144Hz Refresh Rate | 50MP Main Camera, 4K Video Recording","OnePlus Nord CE6 | 8GB+128GB | Pitch Black | Snapdragon 7s Gen 4 | Segment&#x27;s Fastest Touch Response | 8000mAh Battery | 144Hz 1.5K AMOLED Display | 50MP Main + 32MP Selfie 4K Cameras | IP66,68,69,69K",Amazon.in,Amazon.in,"₹27,999","₹35,999",1.29,B0GVYGLNH7,B0GWLHVJRH,Both returned by Amazon search 'OnePlus Nord CE 3 Lite',,,
P0163,amazon_cluster,"pTron Bassbuds Vortex Clips Wireless Open Ear Earbuds w/Chrome Finish, SafeBeats Tech, 50Hrs Playtime, Dual HD Mic w/AI-ENC, 10mm Driver, Pristine Sound, BTv5.4 Earclips, Type C Charging (Obsidian)","pTron Bassbuds Trendz Open Ear Wireless Earbuds, SafeBeats Design, Dual HD Mics &amp; TruTalk AI-ENC Calls, 45Hrs Playtime, App Support, 14.2mm Drivers, BT6.0 Headphones, Type C Charging &amp; IPX5 (Black)",Amazon.in,Amazon.in,₹799,₹799,1.0,B0G7CH6Y56,B0FPRBCBTV,Both returned by Amazon search 'pTron Bassbuds',,,
P0164,amazon_cluster,"Lenovo IdeaPad Slim 3 13th Gen Intel Core i3-1315U 15.6 inch (39.6cm) FHD Laptop (8GB RAM/512GB SSD/Windows 11/Office 2024/1Yr ADP Free/3 Month Game Pass/Grey/1.6Kg), 82X700HMIN","Lenovo IdeaPad Slim 3, Intel Core i3 13th Gen 1315U, 8GB RAM, 512GB SSD, FHD 15.6&quot;(39.6cm), Windows 11, Office 2024, Grey, 1.6Kg, 82X700G5IN, 1Yr ADP Free, 3 Month Game Pass Laptop",Amazon.in,Amazon.in,"₹49,840","₹52,600",1.06,B0FPGBDLHS,B0F8QFMXJ7,Both returned by Amazon search 'Lenovo IdeaPad Slim 3',,,
P0165,amazon_cluster,Poco C85 5G Power Black 6GB RAM 128GB ROM,"POCO X5 Pro 5G (Horizon Blue, 128 GB) (6 GB RAM)",Amazon.in,Amazon.in,"₹17,180","₹25,999",1.51,B0GGRDS2XR,B0BYP521JJ,Both returned by Amazon search 'POCO X6 Pro 5G',,,
P0166,amazon_cluster,Redmi 15 5G Midnight Black 8GB + 256GB | Segment&#x27;s Largest 7000mAhA Battery | Segment&#x27;s Largest Display 17.53cm(6.9) Up to 144Hz | Snapdragon 6s Gen 3 | 18W Reverse Charging | 50MP AI Dual Camera,"Test Redmi Note 13 5G (Stealth Black, 6GB RAM, 128GB Storage) Without Offer",Amazon.in,Amazon.in,"₹25,499","₹25,900",1.02,B0FJFSHJ6Z,B0DG6PXZWF,Both returned by Amazon search 'Redmi Note 13 5G',,,
P0167,amazon_cluster,"Lenovo IdeaPad Slim 3, AMD Ryzen 7 8840HS, 24GB RAM, 1TB SSD, WUXGA IPS, AI PC, 15.3&quot;/38.8cm, Backlit Keyboard, Windows 11, Office Home 2024, Grey, 1.6Kg, 1Yr ADP Free, 83KA004TIN, AI Powered Laptop","Lenovo IdeaPad Slim 3 13th Gen Core i5-13420H 15.3 inch (38.8cm) WUXGA IPS Laptop (16GB RAM/512GB SSD/Windows 11/Office Home 2024/Top Metal Cover/Backlit Keyboard/1Yr ADP/Grey/1.6Kg), 83K100S3IN",Amazon.in,Amazon.in,"₹79,990","₹70,700",1.13,B0FCYB67QJ,B0GDQFZBQC,Both returned by Amazon search 'Lenovo IdeaPad Slim 3',,,
P0168,amazon_cluster,"JBL Tune 520BT Wireless On Ear Headphones with Mic, Upto 57H Battery, Speed Charge : 5 Min Charge Gives Up to 3H of Playback, Multipoint Connect, Customizable Bass with Headphones App, BT 5.3 (Black)","boAt (2026 Launch) Rockerz Plus 450 ANC w/ 40dB Hybrid ANC, Spatial Audio, 80H Battery, ENx™ Tech, (~40ms)BEAST™ Mode, Voice Assistant, ASAP™ Charge, BTv6.0, Wireless Headphones with Mic (Black Sabre)",Amazon.in,Amazon.in,"₹2,999","₹3,099",1.03,B0C3V5X3QT,B0GX9ZRTM6,Both returned by Amazon search 'Sony WH-CH520',,,
P0169,amazon_cluster,"OnePlus Bullets Wireless Z2 ANC Bluetooth in Ear Earphones with Mic, 45dB Hybrid ANC, Bombastic Bass - 12.4 mm Drivers, 10 Mins Charge - 20 Hrs Music, 28 Hrs Battery (Grand Green)","pmw OnePlus Bullets Wireless Z2 ANC Bluetooth Earphones | Hybrid ANC, Wireless, Bluetooth Headset",Amazon.in,Amazon.in,"₹2,299",₹379,6.07,B0CDGGT5RJ,B0H6MQ72KG,Both returned by Amazon search 'OnePlus Bullets Z2',,,
P0170,amazon_cluster,"Apple iPhone 16e 128 GB: Built for Apple Intelligence, A18 Chip, Supersized Battery Life, 48MP Fusion. Camera, 15.40 cm (6.1″) Super Retina XDR Display; Black","OnePlus Nord CE6 | 8GB+128GB | Fresh Blue | Snapdragon 7s Gen 4 | Segment&#x27;s Fastest Touch Response | 8000mAh Battery | 144Hz 1.5K AMOLED Display | 50MP Main + 32MP Selfie 4K Cameras | IP66,68,69,69K",Amazon.in,Amazon.in,"₹59,900","₹35,999",1.66,B0DXQH1DBS,B0GWLHWCLJ,Both returned by Amazon search 'iPhone 15 128GB',,,
P0171,amazon_cluster,"Noise Buds N1 Truly Wireless Earbuds with Chrome Finish, 40H of Playtime, Quad Mic with ENC, Ultra Low Latency Gaming (Up to 40 Ms), Instacharge(10 Min=120 Min), Bluetooth V5.3(Forest Green)","Noise Buds VS104 Pro Truly Wireless Earbuds with 40H of Playtime, Quad Mic with ENC, Instacharge(10 min=150 min), 14.2mm Driver, Hyper Sync, BT v5.3 (Jet Black)",Amazon.in,Amazon.in,"₹1,199","₹1,599",1.33,B0CQJWQWD9,B0B9793WZD,Both returned by Amazon search 'Noise Buds VS104',,,
P0172,amazon_cluster,"Noise Pop Buds Truly Wireless Earbuds with 50H of Playtime, Quad Mic with ENC, Instacharge(10 Min=150 Min) Bluetooth V5.3(Lilac Pop) True Wireless","Noise Buds N1 Truly Wireless Earbuds with Chrome Finish, 40H of Playtime, Quad Mic with ENC, Ultra Low Latency Gaming (Up to 40 Ms), Instacharge(10 Min=120 Min), Bluetooth V5.3(Forest Green)",Amazon.in,Amazon.in,"₹1,099","₹1,199",1.09,B0CYPZGB8W,B0CQJWQWD9,Both returned by Amazon search 'Noise Buds VS104',,,
P0173,amazon_cluster,"boAt Rockerz 200, 40H Battery, Signature Sound, ENx Tech, Dual Pairing, 60 ms Low Latency, IPX5, ASAP Charge, Magnetic Buds, Bluetooth Neckband, Wireless with Mic Earphones (Blue)",boAt Rockerz 261 Pro in-Ear Neckband(Lazer Lime),Amazon.in,Amazon.in,₹949,₹935,1.01,B0G48KL43Q,B0D7MGVHSP,Both returned by Amazon search 'boAt Rockerz 255 Pro',,,
P0174,amazon_cluster,"ZEBRONICS Sound Bomb 7 Bluetooth TWS in Ear Earbuds with 60H Playtime, ENC Mic, Rapid Charge, Upto 50ms Gaming Mode, Flash Connect, Voice Assistant, Smooth Touch Control, BT v5.2, Type C (Black)","ZEBRONICS Music Bomb X50 Bluetooth Speaker, 20W RMS, Up to 7h Playback, 4000mAh, Dual Wireless Mics + Holder, Karaoke &amp; Voice Changer, 17 Animations LED Pixel Display, BT v5.3, TWS, Type-C (Black)",Amazon.in,Amazon.in,₹799,"₹2,999",3.75,B09Z7X33H1,B0H5CB188W,Both returned by Amazon search 'Zebronics Sound Bomb',,,
P0175,amazon_cluster,"OnePlus Bullets Wireless Z2 ANC Bluetooth in Ear Earphones with Mic, 45dB Hybrid ANC, Bombastic Bass - 12.4 mm Drivers, 10 Mins Charge - 20 Hrs Music, 28 Hrs Battery (Grand Green)",Compatible with OnePlus Bullets Wireless Z2 Bluetooth Headset (Red),Amazon.in,Amazon.in,"₹2,299",₹999,2.3,B0CDGGT5RJ,B0H757YK6F,Both returned by Amazon search 'OnePlus Bullets Z2',,,
P0176,amazon_cluster,"vivo T5X 5G (Cyber Green, 8GB RAM, 128GB Storage) | 7200mAh Battery | 50MP Dual Camera | 32MP Selfie Camera | 6.76&quot; FHD+ 120Hz Display | Dimensity 7400 Turbo Processor",VIDO Exclusive Soft Back Case Cover for Vivo Y100 5G / Vivo T2 5G (Shock Proof |360 Degree Complete Protection),Amazon.in,Amazon.in,"₹28,899",₹189,152.9,B0GTTX8WG4,B0BWN61SXW,Both returned by Amazon search 'vivo T2 5G',,,
P0177,amazon_cluster,"ZEBRONICS Music Bomb X50 Bluetooth Speaker, 20W RMS, Up to 7h Playback, 4000mAh, Dual Wireless Mics + Holder, Karaoke &amp; Voice Changer, 17 Animations LED Pixel Display, BT v5.3, TWS, Type-C (Blue)","ZEBRONICS Sound Bomb G1 Gaming Bluetooth True Wireless Stereo in Ear Earbuds, 50Ms Low Latency, AAC Support, Flash Connect, Deep Bass, Splash Proof, Voice Assistant, Bt V5.0 with Mic (Red)",Amazon.in,Amazon.in,"₹2,999",,,B0H5C79Y63,B09NNVHPHY,Both returned by Amazon search 'Zebronics Sound Bomb',,,
P0178,amazon_cluster,"ZEBRONICS Sound Bomb 7 Bluetooth TWS in Ear Earbuds with 60H Playtime, ENC Mic, Rapid Charge, Upto 50ms Gaming Mode, Flash Connect, Voice Assistant, Smooth Touch Control, BT v5.2, Type C (Black)","ZEBRONICS PODS K2 in Ear Wireless Earbuds, Upto 40 Hrs Backup, Dual EQ, Quad MIC ENC, 10mm Bass Drivers, Fast Charging, Bluetooth, Flash Connect,40ms Low Latency Gaming, LED Battery Indicator (Black) | Upto 40 Hrs Backup, Dual EQ, Quad MIC ENC, 10mm Bass Drivers, Fast Charging",Amazon.in,Amazon.in,₹799,₹799,1.0,B09Z7X33H1,B0DPQYHJ41,Both returned by Amazon search 'Zebronics Sound Bomb',,,
P0179,amazon_cluster,"OnePlus Nord CE6 Lite | 8GB+128GB | Hyper Black | Segment&#x27;s Fastest Dimensity 7400 Apex Processor | 7000mAh Battery | Segment&#x27;s Highest 144Hz Refresh Rate | 50MP Main Camera, 4K Video Recording",LIRAMARK Silicone Soft Back Cover Case for OnePlus Nord CE 3 Lite 5G (Black),Amazon.in,Amazon.in,"₹27,999",₹159,176.09,B0GVYXPZBS,B0C3V66PQ3,Both returned by Amazon search 'OnePlus Nord CE 3 Lite',,,
P0180,cross_category,"for Vivo T2 5G Case Cute 3D Astronaut Stand Design Camera Protection Shockproof Soft Back Cover (for Vivo T2 5G, Pink)","ZEBRONICS Music Bomb 2 Party Speaker with 80W, Supports Bluetooth, 10h Backup, USB, mSD, AUX, 6.3mm Guitar Input, TWS, Karaoke, Wireless Microphone, Detachable Carry Strap",Amazon.in,Amazon.in,₹349,"₹6,999",20.05,B0D98RQMWF,B0CVRWF2XN,Unrelated searches: 'vivo T2 5G' vs 'Zebronics Sound Bomb',,,
P0181,cross_category,JGD PRODUCTS for Poco X6 Pro 5G Premium Transparent Soft Silicon Back Cover [Transparent],"HP 15 Smartchoice, 13th Gen Intel Core i3-1315U (12GB DDR4, 512GB SSD) FHD, Anti-Glare, Micro-Edge, 15.6&#x27;&#x27;/39.6cm, Win11, M365(1yr)*Office24, Silver, 1.59kg, fd0573TU, FHD Camera w/Shutter Laptop",Amazon.in,Amazon.in,₹149,"₹51,990",348.93,B0DC5QBF29,B0F4R3GFMQ,Unrelated searches: 'POCO X6 Pro 5G' vs 'HP Pavilion 15 laptop',,,
P0182,cross_category,"ZEBRONICS Zeb-Sound Bomb 1 TWS Earbuds with BT5.0, Up to 12H Playback, Touch Controls, Voice Assistant, Splash Proof with Type C Portable Charging Case (Black)","Lenovo IdeaPad Slim 3 Intel Core Ultra 5 322 Next-Gen AI PC (16GB RAM/512GB SSD/15.3&quot; (38.8cm)/WUXGA IPS/Copilot+ PC/Windows 11/MSO 365 Basic+Office 2024/Backlit Keyboard/Grey/1.6Kg), 83UR009QIN",Amazon.in,Amazon.in,₹649,"₹99,490",153.3,B098XT65BC,B0H3PV7418,Unrelated searches: 'Zebronics Sound Bomb' vs 'Lenovo IdeaPad Slim 3',,,
P0183,cross_category,Poco X6 Pro 5G (Poco Yellow 8GB RAM 256GB Storage),"Sounce Case Cover for Boat Airdopes 141 ANC, 360° Protection, Shockproof Design, Scratch Resistant, Silicone Case with Keychain - Black",Amazon.in,Amazon.in,"₹27,999",₹199,140.7,B0CSDQY4X7,B0CQYXDYW4,Unrelated searches: 'POCO X6 Pro 5G' vs 'boAt Airdopes 141',,,
P0184,cross_category,OnePlus 15R | 12GB+256GB | Charcoal Black | World&#x27;s First Snapdragon® 8 Gen 5 | 7400mAh Battery | Personalised AI | Game-Changing 165Hz Display | IP68 IP69 IP66 &amp; IP69K | 4K 120fps Video,"Samsung Galaxy F06 5G (Lit Violet, 128 GB) (4 GB RAM)",Amazon.in,Amazon.in,"₹59,999","₹13,860",4.33,B0FZSWZZW2,B0F1ZGG7YJ,Unrelated searches: 'iPhone 15 128GB' vs 'Samsung Galaxy M14 5G',,,
P0185,cross_category,"Lenovo IdeaPad Slim 3 13th Gen Intel Core i3-1315U 15.6 inch (39.6cm) FHD Laptop (8GB RAM/512GB SSD/Windows 11/Office 2024/1Yr ADP Free/3 Month Game Pass/Grey/1.6Kg), 82X700HMIN","HP 15, AMD Ryzen 5 7520U,(16GB LPDDR5, 512GB SSD), Anti-Glare, Micro-Edge, FHD, 15.6&#x27;&#x27;/39.6cm, Win 11, Office 24,M365 Basic(1yr)*,Silver, 1.59kg, fc0690au, FHD Camera, Backlit KB Laptop",Amazon.in,Amazon.in,"₹49,840","₹56,830",1.14,B0FPGBDLHS,B0CY2PLQ8N,Unrelated searches: 'Lenovo IdeaPad Slim 3' vs 'HP Pavilion 15 laptop',,,
P0186,cross_category,"OnePlus Bullets Wireless Z2 ANC Bluetooth in Ear Earphones with Mic, 45dB Hybrid ANC, Bombastic Bass - 12.4 mm Drivers, 10 Mins Charge - 20 Hrs Music, 28 Hrs Battery (Grand Green)","Earbuds for Realme Buds T100 True Wireless Earbuds with 50dB ANC, 12.4mm Titanized Drivers, 56H Playback, 6 Mic AI ENC, Bluetooth 6.1, Low Latency Gaming, Black(YOYO.2)",Amazon.in,Amazon.in,"₹2,299",₹599,3.84,B0CDGGT5RJ,B0H66CX1WQ,Unrelated searches: 'OnePlus Bullets Z2' vs 'realme Buds T100',,,
P0187,cross_category,"POCO M7 5G, Ocean Blue (8GB, 128GB)","realme Buds Wireless 5 ANC in Ear Bluetooth Headphones,50dB ANC, 13.6mm Dynamic Bass Driver,360° Spatial Audio,45ms Low Latency,Upto 38hrs Playback,IP55 Rating,Dual Device Connection (Midnight Black)",Amazon.in,Amazon.in,"₹17,999","₹1,655",10.88,B0F1CPCTCX,B0DNPWJLQC,Unrelated searches: 'POCO X6 Pro 5G' vs 'boAt Rockerz 255 Pro',,,
P0188,cross_category,"Lenovo IdeaPad Slim 3 13th Gen Intel Core i3-1315U 15.6 Inch (39.6cm) FHD Thin &amp; Light Laptop (8GB/512GB SSD/Windows 11/Office Home 2024/Grey/1.62Kg), 82X700HJIN/HHIN","pTron Bassbuds Indie in-Ear TWS Earbuds w/ 10mm Drivers, 45Hrs Playtime, Dual HD Mic &amp; AI-ENC Calls, Custom EQ, Mobile App, BTv5.4 Earphones, Voice Assistant, Type C Charging &amp; IPX5 (Plum Perfect)",Amazon.in,Amazon.in,"₹52,990",₹599,88.46,B0G2SSS2V8,B0GW3JNRD9,Unrelated searches: 'Lenovo IdeaPad Slim 3' vs 'pTron Bassbuds',,,
P0189,cross_category,"HP 15, AMD Ryzen 7 7730U (16GB DDR4, 512GB SSD) FHD, Anti-Glare, Micro-Edge, 15.6&#x27;&#x27;/39.6cm, Win11, M365 Basic(1yr), Office Home24, Silver,1.59kg, FC0761AU, FHD Camera w/privacy shutter, Backlit Laptop","Lenovo IdeaPad Slim 3 AMD Ryzen 5 40 15.6&quot; (39.6cm) FHD Thin and Light Laptop (16GB RAM/512GB SSD/Backlit Keyboard/Windows 11/Microsoft 365 Basic + Office 2024/Grey/1.6Kg), 82XQ01HQIN",Amazon.in,Amazon.in,"₹64,990","₹62,990",1.03,B0G93396KQ,B0GSRGMG8D,Unrelated searches: 'HP Pavilion 15 laptop' vs 'Lenovo IdeaPad Slim 3',,,
P0190,cross_category,"Motorola G45 5G (Brilliant Blue, 8GB RAM, 128GB Storage)","OnePlus Bullets Wireless Z2 ANC Bluetooth in Ear Earphones with Mic, 45dB Hybrid ANC, Bombastic Bass - 12.4 mm Drivers, 10 Mins Charge - 20 Hrs Music, 28 Hrs Battery (Grand Green)",Amazon.in,Amazon.in,"₹12,448","₹2,299",5.41,B0DDY9HMJG,B0CDGGT5RJ,Unrelated searches: 'Motorola G84 5G' vs 'OnePlus Bullets Z2',,,
P0191,cross_category,"in Ear True Wireless Earbuds for Realme Buds T100 Earbuds Original Like True Wireless Bluetooth in-Ear Headphones Earphones TWS with Mic, Touch Controls, Deep Bass, Sports (38 Hours Case, SHD2)","boAt Airdopes 131 with 60 Hrs Playback, ASAP Charge Truly Wireless Bluetooth in Ear Earbuds with Mic (Active Black)",Amazon.in,Amazon.in,₹799,₹979,1.23,B0H5C42M9J,B088FKCD4J,Unrelated searches: 'realme Buds T100' vs 'boAt Airdopes 141',,,
P0192,cross_category,"realme Buds T500 Pro TWS Earbuds with 12.4mm Drivers, Upto 50dB ANC,3D Spatial Audio, 56H Playtime, AI ENC, IP55 Rating, and 45ms Low Latency BT 6.1 (Orange Mint)","Original Neckband for OnePlus Bullets Wireless Z2 Neckband Bluetooth Earbuds with Deep Bass Drivers, Fast Pairing and Comfortable Ergonomic Fit for Daily Listening (Blue)",Amazon.in,Amazon.in,"₹2,999",₹999,3.0,B0GVYZRGDC,B0H87VZ5TR,Unrelated searches: 'realme Buds T100' vs 'OnePlus Bullets Z2',,,
P0193,cross_category,"Motorola G86 Power (Pantone Golden Cypres, 8GB RAM, 128GB Storage)","boAt Rockerz 110 Wireless Neckband with Up to 40 hrs Playtime, Dual Device Pairing, ENx Tech, Beast Mode, ASAP Charging, BTv5.3,IPX5,Type-C Interface &amp; Magnetic Power Buds(Active Black)",Amazon.in,Amazon.in,"₹23,199",₹959,24.19,B0FXX8K4Z6,B0CKJ8JL1Y,Unrelated searches: 'Motorola G84 5G' vs 'boAt Rockerz 255 Pro',,,
