pair_id,label,difficulty,justification
P0075,DIFFERENT_PRODUCT,hard,"realme Buds T100 vs T110 - adjacent model numbers in the same line, with different playtime (28H vs 38H). Exactly the near-miss shape of P0113 (Motorola G57 vs G67)."
P0076,EXACT_MATCH,easy,"Same realme TechLife Buds T100 described by two merchants; both cite AI ENC and Google Fast Pair, 1.02x price."
P0077,EXACT_MATCH,easy,"DUPLICATE of P0076 - identical A and B titles and prices. Same realme TechLife Buds T100; keep one of the two when building the eval split."
P0078,DIFFERENT_PRODUCT,hard,"Milton *Steel Marble* vs Milton *Duo Deluxe* are different bottle lines, not one product in two sizes. This is the discriminator against P0003/P0039: capacity alone means VARIANT, a different line means DIFFERENT."
P0079,DIFFERENT_PRODUCT,hard,"realme Buds T100 vs T110 - same near-miss as P0075, different merchants."
P0080,DIFFERENT_PRODUCT,hard,"boAt Airdopes 141 Gen 2 (48H, no ANC) vs 141 Elite ANC (42H, 35dB ANC). ANC is a capability difference, not a finish - distinct SKUs in the same 141 family, as with VS104 vs VS104 Max in P0074."
P0081,DIFFERENT_PRODUCT,hard,"Genuine OnePlus Bullets Wireless Z2 ANC vs 'Mobiwaves By On Plus Bullet Z2' - a third-party item trading on the name, at 3.69x less. The same listing pair flagged in P0073."
P0082,DIFFERENT_PRODUCT,medium,"Prestige *Prism* vs Prestige *Regal* are different mixer-grinder lines; the shared 750W rating is not identity. Also 3 jars vs 4 jars with juicer."
P0083,DIFFERENT_PRODUCT,hard,"realme Buds T110 vs TechLife Buds T100 - P0075 with the sides swapped."
P0084,DIFFERENT_PRODUCT,hard,"boAt Airdopes 141 (base, 42H, ENx only) vs 141 Elite ANC (35dB active noise cancellation). Same family, different SKU."
P0085,SAME_PRODUCT_DIFFERENT_VARIANT,medium,"Bajaj KTX DLX in 1.8 L vs 1.5 L, both 1350W. Same line, capacity differs - VARIANT by the P0003 rule. Note this also corroborates excluding P0034: the KTX DLX line is 1350W at both sizes, so P0034's '1500 Watts' title was the faulty one."
P0086,SAME_PRODUCT_DIFFERENT_VARIANT,easy,"Same Noise ColorFit Pulse 2 Max at an identical 1,499, but Jet Black vs Midnight Blue are both stated explicitly - a genuine colour conflict rather than one side omitting it."
P0087,EXACT_MATCH,medium,"Same Noise Buds VS104 Max; B lists the ANC 25dB / 45H specs without naming a colour, so A's Rose Gold is an omission on B's side, not a conflict."
P0088,EXACT_MATCH,easy,"Byte-identical realme TechLife Buds T100 titles at an identical 999."
P0089,DIFFERENT_PRODUCT,hard,"Noise ColorFit Pulse 2 *Pro* vs Pulse 2 *Max* are separate models in the Pulse 2 family, 1.13x apart - a hard negative of the same kind as P0071."
P0090,SAME_PRODUCT_DIFFERENT_VARIANT,hard,"UNSURE: Nike Revolution 6, but UK-11 against US 10.5 is roughly a full size apart, so VARIANT on size. Flagged twice over - A omits 'Next Nature' (the P0042 question) and B carries the DC3728-100 colourway A does not, so the label depends on your ruling there."
P0091,DIFFERENT_PRODUCT,hard,"boAt Airdopes 141 vs Airdopes 141 *Gen 2* - a generational revision (42H to 48H playback), so distinct SKUs despite near-identical names."
P0092,DIFFERENT_PRODUCT,hard,"pTron Bassbuds Turbo vs Bassbuds B91+ - different models within the Bassbuds line, differing in latency tuning and audio feature set."
P0093,DIFFERENT_PRODUCT,hard,"Noise ColorFit Pulse 2 Max vs ColorFit Icon 2 - separate smartwatch lines, the P0071 near-miss."
P0094,DIFFERENT_PRODUCT,hard,"boAt Airdopes 141 Pro (60H, 13mm, no ANC) vs 141 Elite ANC (42H, 35dB ANC). Different SKUs in the 141 family."
P0095,DIFFERENT_PRODUCT,medium,"Philips air fryers NA120/00 vs HD9200/90 - different model codes and different product generations; the shared 'Rapid Air' branding is not identity."
P0096,DIFFERENT_PRODUCT,hard,"pTron Bassbuds Air (13mm, 32H, BT5.1) vs Bassbuds B91+ (45H, BT5.3, gaming latency). Different models, different specs throughout."
P0097,DIFFERENT_PRODUCT,hard,"boAt Airdopes 141 Gen 2 (48H) vs 141 Pro (60H, 13mm drivers). Different SKUs in the 141 family."
P0098,DIFFERENT_PRODUCT,hard,"Noise ColorFit Pulse 2 Pro vs ColorFit Icon 2 - separate smartwatch lines."
P0099,DIFFERENT_PRODUCT,hard,"boAt Airdopes 141 (base) vs 141 Pro. Only 1.1x apart in price, which is what makes it hard - the model suffix is the whole signal."
P0100,DIFFERENT_PRODUCT,hard,"Noise Buds VS104 vs VS104 Max - the Max adds 25dB ANC where the base has ENC only. Directly parallel to P0074."
P0101,DIFFERENT_PRODUCT,hard,"JBL Tune 215 with '3-Button Mic/Remote and Flat Cable' is the neckband; Tune 215*TWS* is true wireless. Different form factors, which is a product difference rather than a variant."
P0102,DIFFERENT_PRODUCT,hard,"Noise ColorFit Pulse 2 Max vs Pulse 2 Pro - separate models, 1.13x apart."
P0103,EXACT_MATCH,medium,"Same adidas Runfalcon 3.0 men's running shoe, 1.02x apart. A states size 8 where B gives none - an omission, not a conflict."
P0104,DIFFERENT_PRODUCT,hard,"Noise Buds VS104 vs VS104 Max - same distinction as P0100 and P0074."
P0105,DIFFERENT_PRODUCT,hard,"Noise Buds VS104 (Midnight Blue) vs VS104 Max (Rose Gold) - different model AND different colour."
P0106,EXACT_MATCH,easy,"Same Noise Buds VS104 at an identical 899; B names Midnight Blue where A gives the spec list without a colour."
P0107,DIFFERENT_PRODUCT,easy,"Mamaearth *Rice* face wash vs Mamaearth *Vitamin C* face wash - different products in the same range."
P0108,DIFFERENT_PRODUCT,hard,"Genuine OnePlus Bullets Wireless Z2 ANC vs 'Original Earphone FOR OnePlus Z2' with an 'NB=JHDS' seller code - a third-party neckband, the P0073 pattern."
P0109,DIFFERENT_PRODUCT,hard,"pTron Bassbuds Air vs Bassbuds Turbo - different models in the Bassbuds line."
P0181,DIFFERENT_PRODUCT,easy,"Phone case (149) vs an HP 15 laptop (51,990). Unrelated categories; the 349x ratio corroborates."
P0182,DIFFERENT_PRODUCT,easy,"Zebronics TWS earbuds vs a Lenovo IdeaPad laptop. Unrelated categories."
P0183,DIFFERENT_PRODUCT,easy,"Poco X6 Pro smartphone vs a silicone case for boAt Airdopes. Device vs accessory for a different device entirely."
P0184,DIFFERENT_PRODUCT,medium,"OnePlus 15R vs Samsung Galaxy F06 5G - both 5G smartphones but different brands, tiers and specs. Same category, so not a trivial negative."
P0185,DIFFERENT_PRODUCT,medium,"Lenovo IdeaPad Slim 3 (Intel i3, 8GB) vs HP 15 (Ryzen 5, 16GB). Both 15.6"" FHD laptops at 1.14x - different brand, CPU and memory."
P0186,DIFFERENT_PRODUCT,easy,"Genuine OnePlus Bullets Wireless Z2 vs an 'Earbuds for Realme Buds T100' third-party item. Different brands and a knockoff on one side."
P0187,DIFFERENT_PRODUCT,easy,"POCO M7 5G smartphone vs realme Buds Wireless 5 ANC headphones. Unrelated categories."
P0188,DIFFERENT_PRODUCT,easy,"Lenovo IdeaPad laptop vs pTron Bassbuds earbuds. Unrelated categories, 88x price ratio."
P0189,DIFFERENT_PRODUCT,medium,"HP 15 (Ryzen 7 7730U) vs Lenovo IdeaPad Slim 3 (Ryzen 5). Both 15.6"" FHD laptops with 16GB/512GB at 1.03x - a genuinely hard negative despite the cross_category tag."
P0190,DIFFERENT_PRODUCT,easy,"Motorola G45 5G smartphone vs OnePlus Bullets Z2 earphones. Unrelated categories."
P0191,DIFFERENT_PRODUCT,easy,"'Earbuds FOR Realme Buds T100 ... Original Like' is a third-party imitation; B is a genuine boAt Airdopes 131. Different brands and different products."
P0192,DIFFERENT_PRODUCT,easy,"realme Buds T500 Pro vs 'Original Neckband FOR OnePlus Bullets Wireless Z2' - different brands, and A is true wireless while B is a third-party neckband."
P0193,DIFFERENT_PRODUCT,easy,"Motorola G86 Power smartphone vs boAt Rockerz 110 neckband. Unrelated categories, 24x price ratio."
